순번,발주청사업자등록번호,현장번호,공사번호,공사명,기관코드,기관코드명,노선(하천)코드,노선(하천)명,행정구역명,사업종류코드,사업종류명,사업종류차수,착공일자,준공일자,준공예정일자,"준공여부(0:진행,1:준공)","준공여부명(0:진행,1:준공)",사업분야코드,사업분야명,공사구간
401,6048300784,C2019025,C2019032,단성-시천 국도건설공사,B,부산청,020,국도 20호선(산청 ~ 포항),경상남도 산청군,A,일반국도,01,2019-11-04,2024-11-01,20241101,0,진행공사,101,도로,~
402,3068301763,C2004010,C2004010,단양-가곡 도로건설공사,D,대전청,059,국도 59호선(광양 ~ 하동),충청북도 단양군,A,일반국도,00,2004-02-04,2016-09-13,20160913,1,완료공사,101,도로,충북단양군단양읍별곡리~충북단양군가곡면사평리
403,3068301763,C2003047,C2003047,단양IC-단양 도로건설공사,D,대전청,059,국도 59호선(광양 ~ 하동),충청북도 단양군,A,일반국도,00,2003-05-17,2006-11-19,20061119,1,완료공사,101,도로,충북 단양군 대강면 장림리~충북 단양군 대강면 당동리
404,3068301763,C2009063,C2009077,단양IC-대강 도로건설공사,D,대전청,005,국도 5호선(마산 ~ 중강진(김화)),충청북도 단양군,A,일반국도,00,2009-05-18,2017-11-09,20171109,1,완료공사,101,도로,충북 단양군 단성면 북하리~충북 단양군 단양읍 상진리
405,3068301763,C2017045,C2017039,단양~영월 도로건설공사,D,대전청,059,국도 59호선(광양 ~ 하동),충청북도 단양군,A,일반국도,01,2017-08-21,2024-07-14,20240714,0,진행공사,101,도로,충북 단양군 영춘면 사지원리~강원도 영월군 남면 연당리
406,2248301909,C2013933,C2013934,달천 단월지구 하천환경정비사업,W,원주청,Z1,기타,충청북도 충주시,Z1,기타,미등록,2013-03-12,2019-10-31,20190412,1,완료공사,102,하천,충주시 살미면~충주시 단월동
407,3068301763,C2003060,C2003060,달천 문주제 개수공사,D,대전청,A1,한강,충청북도 충주시,A1,한강,03,2003-05-15,2006-05-14,20060514,1,완료공사,102,하천,문주1제~문주4제
408,3068301763,C2004014,C2004014,달천 용관제 하천환경정비사업,D,대전청,Z1,기타,충청북도 충주시,A1,한강,03,2004-05-03,2006-02-10,20060210,1,완료공사,102,하천,~
409,4038301161,C2018010,C2018014,담양-곡성 도로시설개량공사,I,익산청,013,국도 13호선(완도 ~ 금산),전라남도 곡성군,A,일반국도,01,2018-03-26,2022-02-28,20210309,1,완료공사,101,도로,전라남도 담양군 무정면 오례리 720-9~전라남도 곡성군 오산로 966
410,4038301161,C2009048,C2009064,담양-순창 도로확장공사,I,익산청,024,국도 24호선(신안 ~ 울산),전라남도 담양군,A,일반국도,01,2009-03-26,2018-12-15,20181115,1,완료공사,101,도로,전남담양군담양읍남산리~전북순창군순창읍백산리
411,6048300784,C2015001,C2014048,대구국가산업단지 진입도로 건설공사,B,부산청,002,국도 2호선(목포 ~ 부산),대구광역시 달성군,C,산업지원국도,01,2014-12-03,2018-11-16,20181205,1,완료공사,101,도로,대구 달성군 구지면 대구국가산업단지~달성군 현풍면 현풍IC
412,4038301161,C2016015,C2016014,대덕-용산 국도시설 개량공사,I,익산청,023,국도 23호선(강진 ~ 천안),전라남도 장흥군,A,일반국도,01,2016-03-21,2022-10-06,20210222,0,진행공사,101,도로,전남 장흥군 관산읍 외동리~전남 장흥군 용산면 녹원리
413,3068301763,C2004066,C2004066,대덕연구단지 지원도로 건설공사,D,대전청,Z1,기타,대전광역시 유성구,F,기타,00,2004-10-08,2008-12-31,20081231,1,완료공사,102,하천,대전 유성구 신성동~대전 유성구 하기동
414,4038301161,C2003086,C2003086,대목제 개수공사,I,익산청,J1,동진강,전라북도 김제시,J1,동진강,03,2003-06-09,2009-12-31,20091231,1,완료공사,102,하천,"김제 성덕 대목,남포~죽산 대창"
415,2248301909,C2005084,C2005088,대미원제 축제공사,W,원주청,Z1,기타,강원도 횡성군,A1,한강,03,2005-12-28,2013-10-18,20131018,1,완료공사,102,하천,강원도횡성군오원리~강원도횡성군상하가리
416,2248301909,C2006040,C2006042,대미원천 수해복구공사,W,원주청,,,강원도 강릉시,미등록,,미등록,2006-12-13,2007-12-31,20071231,1,완료공사,102,하천,~
417,3068301763,C2007059,C2007062,대산-석문 도로건설공사,D,대전청,038,국도 38호선(서산 ~ 동해),충청남도 당진군,B,지역간선,05,2007-11-12,2016-12-31,20161229,1,완료공사,101,도로,서산시 대산읍 화곡리~당진군 석문면 삼봉리
418,1108300348,C2005001,C2005001,대위지제 외 2개소 개수공사,S,서울청,A1,한강,경기도 파주시,R1,임진강,01,2005-01-05,2013-12-17,20131231,1,완료공사,102,하천,경기도파주시탄현면갈현리~경기도파주시조리읍능안리
419,6048300784,C2006011,C2006012,대의-의령 국도건설공사,B,부산청,020,국도 20호선(산청 ~ 포항),경상남도 의령군,A,일반국도,00,2006-01-17,2014-12-18,20141218,1,완료공사,101,도로,경남 의령군 대의면~경남 의령군 칠곡면
420,2248301909,C2005087,C2005091,대이지구 외 1개소 저수호안공사,W,원주청,Z1,기타,강원도 화천군,A1,한강,03,2005-12-22,2008-12-05,20081205,1,완료공사,102,하천,~
421,3068301763,C2005034,C2005016,대청지구 추풍.상곡천 개수공사,D,대전청,Z1,기타,충청남도 금산군,Z1,기타,03,2005-08-22,2010-12-07,20101207,1,완료공사,102,하천,충남 금산군 추부면 자부리~충남 금산군 군북면 상곡리
422,3068301763,C2007035,C2007036,대청지역 보청.안내천 하천개수공사,D,대전청,Z1,기타,충청북도 옥천군,Z1,기타,01,2006-11-13,2010-08-10,20100810,1,완료공사,102,하천,충북 옥천 청성 장수~충북 옥천 안내 현리
423,1108300348,C2003103,C2003103,대추제 개수공사,S,서울청,F1,안성천,경기도 평택시,F1,안성천,01,2003-12-26,2010-12-31,20101231,1,완료공사,102,하천,평택시 팽성읍 대추리~평택시 팽성읍 도두리일원
424,6048300784,C2003013,C2003013,덕곡지구 하천개수공사,B,부산청,B1,낙동강,,B1,낙동강,01,2003-05-12,2005-12-21,20051221,1,완료공사,102,하천,~
425,4038301161,C2012037,C2012039,덕례-용강 도로확장공사,I,익산청,002,국도 2호선(목포 ~ 부산),전라남도 광양시,A,일반국도,01,2012-05-31,2019-04-29,20190429,1,완료공사,101,도로,전남 순천시 해룡면 복성리~전남 광양시 광양읍 용강리
426,1108300348,C2003105,C2003105,덕목제 개수공사,S,서울청,F1,안성천,경기도 평택시,F1,안성천,01,2003-06-25,2007-01-09,20070109,1,완료공사,102,하천,~
427,3068301763,C2015022,C2015044,덕산-고덕IC 도로건설공사,D,대전청,040,국도 40호선(대천 ~ 공주),충청남도 예산군,A,일반국도,01,2015-07-22,2022-06-14,20200122,0,진행공사,101,도로,충남 예산군 덕산면 북문리~충남 예산군 고덕면 대천리
428,3068301763,C1997013,C1997013,덕산-예산간 도로확장 및 포장공사,D,대전청,045,국도 45호선(서산 ~ 가평),충청남도 예산군,B,지역간선,08,1997-12-10,2007-12-31,20071231,1,완료공사,101,도로,덕산면 대치리~예산읍 궁평리
429,6048300784,C2016011,C2016009,덕천강 원외지구 하천환경정비사업,B,부산청,B1,낙동강,경상남도 진주시,B1,낙동강,01,2016-02-22,2019-08-15,20190205,1,완료공사,102,하천,경남 진주시 수곡면 원외리~경남 하동군 옥종면 대곡리
430,2248301909,C2003121,C2003121,덕치제 축제공사,W,원주청,A1,한강,강원도 홍천군,A1,한강,03,2003-06-04,2006-08-16,20060816,1,완료공사,102,하천,~
431,2248301909,C2003110,C2003110,덕포-연하 도로건설공사,W,원주청,038,국도 38호선(서산 ~ 동해),강원도 영월군,B,지역간선,10,2002-06-18,2007-12-09,20071209,1,완료공사,101,도로,영월군 영월읍 덕포리~영월군 영월읍 연하리
432,2248301909,C2007018,C2007015,도계-신기 도로건설공사,W,원주청,038,국도 38호선(서산 ~ 동해),강원도 삼척시,B,지역간선,05,2007-02-12,2018-12-31,20181231,1,완료공사,101,도로,삼척시 도계읍 늑구리~삼척시 신기면 안의리
433,1108300348,C2003104,C2003104,도대제 개수공사,S,서울청,Z1,기타,경기도 평택시,F1,안성천,03,2003-07-22,2011-03-03,20110303,1,완료공사,102,하천,현덕면 도대리~현덕면 기산리 안성천 합류점
434,4038301161,C2001020,C2001020,도덕-고흥간 도로건설공사,I,익산청,027,국도 27호선(고흥 ~ 군산),전라남도 고흥군,B,지역간선,08,2001-06-28,2007-10-10,20071010,1,완료공사,101,도로,전남 고흥군 풍양면 고옥리~전남 고흥군 고흥읍 남계리
435,4038301161,C2002046,C2002046,도암-강진 도로확장공사,I,익산청,018,국도 18호선(진도 ~ 구례),전라남도 강진군,A,일반국도,01,2002-11-20,2010-10-01,20100420,1,완료공사,101,도로,강진군도암면계라리~강진군강진읍동성리
436,1108300348,C2004032,C2004032,도일제 개수공사,S,서울청,F1,안성천,경기도 평택시,F1,안성천,03,2004-05-17,2009-12-31,20091231,1,완료공사,102,하천,평택시 모곡동~평택시 신대동
437,2248301909,C2002068,C2002068,도창제 축제공사,W,원주청,Z1,기타,강원도 철원군,Z1,기타,03,2002-04-09,2005-12-31,20051231,1,완료공사,102,하천,~
438,4038301161,C2009069,C2009081,돌산-우두 도로확장공사,I,익산청,017,국도 17호선(여천 ~ 용인),전라남도 여수시,A,일반국도,01,2009-06-29,2019-12-31,20191231,1,완료공사,101,도로,여수시 돌산읍 신복리~여수시 돌산읍 우두리
439,4038301161,C2003132,C2003132,돌산-화태,I,익산청,077,국도 77호선(부산 ~ 인천),전라남도 여수시,A,일반국도,00,2004-10-26,2016-03-02,20160302,1,완료공사,101,도로,전라남도 여수시 돌산읍~전남 여수시 남면 화태리
440,2248301909,C2007044,C2007045,동강대교건설공사,W,원주청,031,국도 31호선(부산 ~ 신고산),강원도 영월군,A,일반국도,미등록,2007-05-23,2009-05-26,20090526,1,완료공사,101,도로,영월~영월
441,4038301161,C2017007,C2017005,동계-적성 도로건설공사,I,익산청,021,국도 21호선(전주 ~ 이천),전라북도 순창군,A,일반국도,01,2016-11-18,2020-12-30,20211022,1,완료공사,101,도로,순창군 동계면 구미리~전북 순창군 동계면 관전리
442,1108300348,C2021002,C2020035,동두천 국가산업단지 진입도로 건설공사,S,서울청,999,기타,경기도 동두천시,A,일반국도,01,2020-12-18,2024-12-16,20241216,0,진행공사,101,도로,경기도 동두천시 상패동 600-11~
443,1108300348,C1997020,C1997020,동두천 국가산업단지 진입도로 건설공사 실시설계 건설사업관리용역,S,서울청,,,경기도 평택시,F,기타,미등록,1997-02-24,2005-06-30,20050630,1,완료공사,101,도로,경기도 평택시 고덕면 동고리~경기도 안성시 양성면 이현리
444,1108300348,C2007012,C2007010,동두천시관내 국도대체우회도로(회천-상패1공구)건설공사,S,서울청,003,국도 3호선(남해 ~ 초산 (철원)),경기도 동두천시,A,일반국도,01,2007-03-06,2014-10-22,20141022,1,완료공사,101,도로,경기도 양주시 봉양동~경기도 동두천시 상패동
445,1108300348,C2009064,C2009078,동두천시관내국도대체우회도로(상패-청산)건설공사,S,서울청,003,국도 3호선(남해 ~ 초산 (철원)),경기도 동두천시,D,국도대체우회도로,미등록,2021-01-13,2022-01-07,20220107,1,완료공사,101,도로,경기도 동두천시 상패동~연천군 청산면 초성리
446,2248301909,C1998019,C1998019,동면~신북외 1개소 도로확장 및 포장공사,W,원주청,005,국도 5호선(마산 ~ 중강진(김화)),충청남도 천안시,A,일반국도,미등록,1998-02-02,2005-12-31,20051231,1,완료공사,101,도로,동면~신북
447,6048300784,C2003004,C2003004,동읍 우회도로 건설공사,B,부산청,014,국도 14호선(거제 ~ 포항),경상남도 창원시,A,일반국도,01,2003-10-24,2014-02-28,20140228,1,완료공사,101,도로,경남 창원시 도계동 도계삼거리~경남 김해시 진영읍 진영리
448,4038301161,C2017020,C2017007,동진강 신태인지구(3공구) 하천환경정비사업,I,익산청,J1,동진강,전라북도 정읍시,J1,동진강,01,2017-03-06,2020-12-31,20210212,1,완료공사,102,하천,전북 정읍시 신태인읍 신용리~전북 정읍시 신태인읍 신태인리
449,4038301161,C2004134,C2004135,동진강 연포제 보강공사,I,익산청,J1,동진강,,J1,동진강,01,2004-12-07,2006-10-19,20061019,1,완료공사,102,하천,~
450,4038301161,C2016009,C2016005,동진강 연포지구(1공구) 하천환경정비사업,I,익산청,J1,동진강,전라북도 부안군,J1,동진강,미등록,2016-02-22,2020-05-17,20210219,1,완료공사,102,하천,부안군 백산면 용계리~부안군 동진면 동전리
451,4038301161,C2005011,C2005038,동진강 옥정제보강공사,I,익산청,J1,동진강,전라북도 김제시,J1,동진강,01,2005-05-18,2012-06-19,20120619,1,완료공사,102,하천,~
452,4038301161,C2014042,C2014045,동진강 원천지구(2공구) 하천환경정비사업,I,익산청,J1,동진강,전라북도 정읍시,J1,동진강,미등록,2014-11-18,2019-11-16,20191116,1,완료공사,102,하천,전북 정읍시 신태인읍~전북 김제시 부량면
453,4038301161,C2003087,C2003087,동진강수계 치수사업 금구천 금구제 개수공사,I,익산청,J1,동진강,전라북도 김제시,J1,동진강,03,2003-07-15,2009-12-01,20091201,1,완료공사,102,하천,김제시 금구면~김제시 봉남면
454,4038301161,C2003083,C2003083,동진강수계 치수사업 두월천 두월제 상류개수공사,I,익산청,J1,동진강,전라북도 김제시,D1,섬진강,03,2003-08-19,2013-12-20,20131220,1,완료공사,102,하천,김제시.금구면.낙성리~김제시.오정동
455,4038301161,C2003079,C2003079,동진강수계 치수사업 두월천 두월제 하류개수공사,I,익산청,J1,동진강,전라북도 김제시,J1,동진강,03,2003-08-06,2009-12-31,20091231,1,완료공사,102,하천,김제시 오정동~정읍시 감곡면 삼평리
456,4038301161,C2003092,C2003092,동진강수계 치수사업 백산제외 2개소 개수공사,I,익산청,D1,섬진강,전라북도 정읍시,D1,섬진강,03,2003-06-18,2009-12-31,20091231,1,완료공사,102,하천,~
457,4038301161,C2003089,C2003089,동진강수계 치수사업 소성천 소성제 개수공사,I,익산청,J1,동진강,전라북도 정읍시,J1,동진강,03,2003-06-20,2013-12-31,20131231,1,완료공사,102,하천,정읍시 소성면 중광리~정읍시 고부면 강고리
458,4038301161,C2003085,C2003085,동진강수계 치수사업 신평천 부거제 개수공사,I,익산청,J1,동진강,전라북도 김제시,J1,동진강,03,2003-07-08,2011-12-31,20111214,1,완료공사,102,하천,전북 김제시 백산면 하정리~전북 김제시 백산면 석교리
459,4038301161,C2005012,C2005036,동진강수계치수사업 천원제상류개수공사,I,익산청,J1,동진강,전라북도 정읍시,J1,동진강,01,2005-05-18,2011-10-26,20111031,1,완료공사,102,하천,정읍시입암면천원리~정읍시입암면신면리
460,4038301161,C2005013,C2005037,동진강수계치수사업 천원제하류개수공사,I,익산청,J1,동진강,전라북도 정읍시,J1,동진강,01,2005-05-18,2011-06-07,20110607,1,완료공사,102,하천,정읍시 삼산동~정읍시 상평동
461,2248301909,C2011025,C2011022,동해-옥계 도로건설공사,W,원주청,007,국도 7호선(부산 ~ 온성 (간성)),강원도 동해시,A,일반국도,00,2011-09-16,2016-08-19,20160819,1,완료공사,101,도로,강원도 동해시 망상동~강원도 강릉시 옥계면 낙풍리
462,2248301909,C1998013,C1998013,동해시관내 국도대체우회도로(이로-송정)건설공사,W,원주청,999,기타,강원도 동해시,A,일반국도,01,1998-08-06,2007-11-29,20071129,1,완료공사,101,도로,동해시 이로동~동해시 송정동
463,3068301763,C2005078,C2005082,두계천 개수공사,D,대전청,Z1,기타,충청남도 계룡시,Z1,기타,01,2005-12-27,2013-11-06,20131106,1,완료공사,102,하천,충남 계룡시 남선면 남선리~대전 서구 용천동
464,1108300348,C2004035,C2004035,두교리-죽산 도로건설공사,S,서울청,017,국도 17호선(여천 ~ 용인),경기도 안성시,A,일반국도,00,2004-11-08,2015-12-31,20151231,1,완료공사,101,도로,경기도 안성시 죽산면 두교리~경기도 안성시 죽산면 매산리
465,1108300348,C2004029,C2004029,두릉제 개수공사,S,서울청,F1,안성천,경기도 평택시,F1,안성천,03,2004-05-17,2008-12-22,20081222,1,완료공사,102,하천,경기도 평택시 고덕면 동청리~경기도 평택시 고덕면 두릉리
466,3068301763,C1998006,C1998006,두마-반포간 도로확장 및 포장공사,D,대전청,001,국도 1호선(목포 ~ 신의주(판문점)),대전광역시 유성구,B,지역간선,07,1998-11-03,2006-12-31,20061231,1,완료공사,101,도로,대전 유성구 방동~충남 공주 반포 온천
467,6048300784,C2001004,C2001004,두왕-무거간 도로 4차로 확장공사,B,부산청,014,국도 14호선(거제 ~ 포항),울산광역시 울주군,A,일반국도,01,2001-02-09,2007-01-02,20070102,1,완료공사,101,도로,울산광역시 남구 두왕동~울주군 청량면 율리
468,2248301909,C2000017,C2000017,두촌-어론간 도로확장 및 포장공사,W,원주청,044,국도 44호선(양평 ~ 양양),강원도 홍천군,B,지역간선,09,2000-12-29,2006-12-31,20061231,1,완료공사,101,도로,강원도 홍천군 두촌면 역내리~강원도 홍천군 두촌면 장남리
469,1108300348,C1999014,C1999014,두포-천천간 도로확장 및 포장공사,S,서울청,037,국도 37호선(거창 ~ 파주),경기도 파주시,A,일반국도,00,1999-06-01,2006-05-31,20060531,1,완료공사,101,도로,경기도 파주시 파평면 두포리~경기도 파주시 적성면 두지리
470,3068301763,C2001012,C2001012,둔포-성환간 도로확장 및 포장공사,D,대전청,034,국도 34호선(당진 ~ 영덕),충청남도 천안시,C,산업지원국도,00,2001-10-17,2011-12-31,20111231,1,완료공사,101,도로,충남 아산시 둔포면 운용리~충남 천안시 성환읍 성환리
471,6048300784,C1999002,C1999002,마리-송정 국도4차로 확장공사,B,부산청,003,국도 3호선(남해 ~ 초산 (철원)),경상남도 거창군,A,일반국도,01,1999-05-12,2011-09-29,20110929,1,완료공사,101,도로,경남 거창군 마리면 영승리~경남 거창군 거창읍 송정리
472,1108300348,C2004036,C2004036,마산-신읍도로 확장공사,S,서울청,087,국도 87호선,경기도 포천시,A,일반국도,00,2004-11-21,2014-12-26,20141231,1,완료공사,101,도로,경기도 포천시가산면 마산리~경기도 포천시 군내면 신읍리
473,1108300348,C2009113,C2009090,마송-누산 도로확장공사,S,서울청,048,국도 48호선(강화 ~ 서울),경기도 김포시,A,일반국도,00,2009-08-25,2014-03-14,20140314,1,완료공사,101,도로,마송IC~누산IC
474,3068301763,C2003039,C2003039,마전-은행 도로건설공사,D,대전청,037,국도 37호선(거창 ~ 파주),충청남도 금산군,A,일반국도,00,2003-09-22,2013-10-16,20131016,1,완료공사,101,도로,충남 금산 추부 요광~충북 옥천 군서 은행
475,2248301909,C2006029,C2006030,마평-진부 국도건설공사,W,원주청,059,국도 59호선(광양 ~ 하동),강원도 평창군,A,일반국도,00,2006-06-08,2012-01-05,20120105,1,완료공사,101,도로,평창군 마평리~평창군 하진부리
476,2248301909,C2002067,C2002067,마현-생창 국도건설공사,W,원주청,005,국도 5호선(마산 ~ 중강진(김화)),강원도 철원군,A,일반국도,미등록,2002-06-21,2005-11-24,20051124,1,완료공사,101,도로,강원도 철원군 근남면 풍암리~강원도 철원군 김화읍 읍내리
477,2248301909,C2011027,C2011027,막동-마평 도로건설공사,W,원주청,005,국도 5호선(마산 ~ 중강진(김화)),강원도 평창군,A,일반국도,01,2011-05-06,2016-12-31,20161231,1,완료공사,101,도로,평창군 진부면 막동리~평창군 진부면 마평리
478,4038301161,C2014040,C2014044,만경강 동지산지구 하천환경정비사업,I,익산청,H1,만경강,전라북도 김제시,H1,만경강,01,2014-11-17,2019-12-31,20191115,1,완료공사,102,하천,만경읍 화포리~공덕면 저산리
479,4038301161,C2016005,C2016006,만경강 마산지구 하천환경정비사업,I,익산청,H1,만경강,전라북도 김제시,H1,만경강,미등록,2016-02-22,2020-12-31,20210219,1,완료공사,102,하천,전북 김제시 백구면 백구리~전북 김제시 백구면 마산리
480,4038301161,C2013938,C2013940,만경강 목천지구(4공구) 하천환경정비사업,I,익산청,H1,만경강,전라북도 익산시,H1,만경강,01,2013-06-17,2016-11-08,20161226,1,완료공사,102,하천,익산시 목천동 1354-4~익산시 오산면 남전리 129-15
481,4038301161,C2015031,C2015058,만경강 반월지구 하천환경정비사업,I,익산청,H1,만경강,전라북도 익산시,H1,만경강,01,2015-11-26,2020-12-31,20201123,1,완료공사,102,하천,"김제시 백구면 삼정리(No.43+400)~김제시 백구면 백구리(만경강제수문,No.47+329)"
482,4038301161,C2004115,C2004115,만경강 수계 치수사업 만경강 만경제 개수공사,I,익산청,H1,만경강,전라북도 완주군,H1,만경강,03,2004-12-10,2007-11-25,20071125,1,완료공사,102,하천,전북완주군고산면오산리~전북완주군고산면오산리
483,4038301161,C2013939,C2013939,만경강 신지지구 하천환경정비사업,I,익산청,H1,만경강,전라북도 익산시,H1,만경강,01,2013-06-17,2016-11-07,20161107,1,완료공사,102,하천,전라북도 익산시 오산면~전라북도 군산시 대야면
484,4038301161,C2017016,C2017017,만경강 신탁지구 하천환경정비사업,I,익산청,H1,만경강,전라북도 완주군,H1,만경강,01,2017-03-14,2019-12-30,20210220,1,완료공사,102,하천,완주군 삼례읍 하리~완주군 봉동읍 장기리
485,4038301161,C2019023,C2019034,만경강 신탁지구 하천환경정비사업(문화관 건립),I,익산청,H1,만경강,,H1,만경강,01,2019-12-11,2021-06-02,20210602,1,완료공사,102,하천,~
486,4038301161,C2015032,C2015055,만경강 어우지구 하천환경정비사업,I,익산청,H1,만경강,전라북도 완주군,H1,만경강,01,2015-11-24,2020-11-21,20201121,1,완료공사,102,하천,완주군 봉동읍 낙평리~완주군 고산면 삼기리
487,4038301161,C2012056,C2012061,만경강 저산지구 하천환경정비사업,I,익산청,H1,만경강,전라북도 김제시,H1,만경강,01,2012-07-27,2015-12-31,20151231,1,완료공사,102,하천,김제시 공덕면 동계리~김제시 공덕면 저산리
488,4038301161,C2012048,C2012052,만경강 춘포지구 하천환경정비사업,I,익산청,H1,만경강,전라북도 익산시,H1,만경강,01,2012-07-12,2016-12-13,20161216,1,완료공사,102,하천,"지방하천 익산천 합류점(No. 61)~익산시 석탄동 1068-42번지선(No. 52+380) (우안측, L=4.12km)"
489,4038301161,C2013944,C2013960,만경강 화전지구 하천환경정비사업,I,익산청,H1,만경강,전라북도 익산시,H1,만경강,01,2013-08-14,2018-12-28,20181121,1,완료공사,102,하천,전북 전주시 덕진구 고랑동~전라북도 김제시 백구면 마산리 466-14
490,4038301161,C2003081,C2003081,만경강수계치수사업 고산천고산제개수공사,I,익산청,Z1,기타,전라북도 완주군,H1,만경강,03,2003-07-29,2011-11-26,20111126,1,완료공사,102,하천,"경천, 비봉, 구이~경천, 비봉, 구이"
491,4038301161,C2005008,C2005026,만경강수계치수사업 고척제상류개수공사,I,익산청,H1,만경강,전라북도 군산시,H1,만경강,01,2005-05-10,2014-12-31,20141231,1,완료공사,102,하천,임피면 미원리~대야면 죽산리
492,4038301161,C2005009,C2005027,만경강수계치수사업 고척제하류개수공사,I,익산청,H1,만경강,전라북도 군산시,H1,만경강,01,2005-05-10,2013-02-13,20130213,1,완료공사,102,하천,26지방도로교~만경강합류점
493,4038301161,C2003077,C2003077,만경강수계치수사업 조촌천 조촌제개수공사,I,익산청,Z1,기타,전라북도 전주시 덕진구,H1,만경강,03,2003-07-31,2009-12-28,20091228,1,완료공사,102,하천,~
494,4038301161,C2002056,C2002056,만경강수계치수사업 천호천천호제개수공사,I,익산청,Z1,기타,전라북도 완주군,Z1,기타,03,2002-09-02,2007-09-01,20070901,1,완료공사,102,하천,전북 완주군 비봉면 내월리~전북 완주군 고산면 어우리
495,3068301763,C2007089,C2007098,만리포-태안 도로건설공사,D,대전청,032,국도 32호선(서산 ~ 대전),충청남도 태안군,A,일반국도,00,2009-12-24,2017-12-31,20171231,1,완료공사,101,도로,태안군 소원면 모항리~태안군 근흥면 두야리
496,4038301161,C2002049,C2002049,망운-현경 도로확장공사,I,익산청,077,국도 77호선(부산 ~ 인천),전라남도 무안군,A,일반국도,01,2002-12-30,2006-08-16,20060816,1,완료공사,101,도로,전남 무안군 망운면 목서리~전남 무안군 현경면 외반리
497,6048300784,C2020001,C2019037,매전-건천 국도건설공사,B,부산청,020,국도 20호선(산청 ~ 포항),경상북도 경주시,A,일반국도,01,2019-11-11,2024-10-14,20241014,0,진행공사,101,도로,경상북도 청도군 운문면 지촌리 286~경상북도 경주시 건천읍 송선리 940-2
498,4038301161,C2004102,C2004102,목포시 관내 국도대체 우회도로(고하-죽교) 건설공사,I,익산청,001,국도 1호선(목포 ~ 신의주(판문점)),전라남도 목포시,D,국도대체우회도로,00,2004-11-01,2012-07-31,20120731,1,완료공사,101,도로,전남 목포시 죽교동(북항)~전남 목포시 충무동(고하도)
499,4038301161,C2004022,C2004022,목포시 국도대체 우회도로(삼향-청호) 건설공사,I,익산청,002,국도 2호선(목포 ~ 부산),전라남도 무안군,D,국도대체우회도로,00,2004-02-03,2012-07-20,20120720,1,완료공사,101,도로,전남무안군삼향면맥포리~무안군일로읍청호리
500,4038301161,C2004023,C2004023,목포시관내 국도대체 우회도로(청호-삼호)건설공사,I,익산청,002,국도 2호선(목포 ~ 부산),전라남도 영암군,D,국도대체우회도로,00,2004-08-16,2011-12-31,20111231,1,완료공사,101,도로,전남 무안군 일로읍 청호리~전남 영암군 삼호읍 서호리
