순번,발주청사업자등록번호,현장번호,공사번호,공사명,기관코드,기관코드명,노선(하천)코드,노선(하천)명,행정구역명,사업종류코드,사업종류명,사업종류차수,착공일자,준공일자,준공예정일자,"준공여부(0:진행,1:준공)","준공여부명(0:진행,1:준공)",사업분야코드,사업분야명,공사구간
1201,6048300784,C2005028,C2005042,현동-임곡1 국도건설공사,B,부산청,002,국도 2호선(목포 ~ 부산),경상남도 마산시,A,일반국도,00,2005-01-24,2011-02-02,20110202,1,완료공사,101,도로,창원시 마산합포구 진전면 임곡리~창원시 마산합포구 진전면 근곡리
1202,1108300348,C2002060,C2002060,현리-신팔 도로건설공사(국도37호선),S,서울청,037,국도 37호선(거창 ~ 파주),경기도 가평군,C,산업지원국도,00,2002-07-18,2010-12-31,20101231,1,완료공사,101,도로,경기도 가평군 상면 연하리~경기도 포천시 내촌면 신팔리
1203,6048300784,C2018007,C2018004,형산강 강동지구 하천환경정비사업,B,부산청,I1,형산강,경상북도 경주시,I1,형산강,01,2018-02-22,2021-02-05,20210205,1,완료공사,102,하천,경상북도 경주시 강동면 호명리~경상북도 강동면 국당리
1204,6048300784,C2012004,C2012005,형산강 경주1지구 하천개수공사,B,부산청,I1,형산강,경상북도 경주시,I1,형산강,01,2012-02-01,2015-12-16,20151229,1,완료공사,102,하천,경북경주시서악동~경북경주시사정동
1205,6048300784,C2005045,C2005047,형산강 경주지구 하천개수공사,B,부산청,I1,형산강,경상북도 경주시,I1,형산강,01,2005-12-27,2013-06-28,20130628,1,완료공사,102,하천,강동면 유금리~안강읍 안강리
1206,6048300784,C2007072,C2007081,형산강 경주형산지구 하천개수공사,B,부산청,I1,형산강,경상북도 경주시,I1,형산강,01,2007-02-14,2012-09-14,20120914,1,완료공사,102,하천,경주 천북 모아리~경주 강동 호명리
1207,6048300784,C2003024,C2003024,형산강 수계치수사업 남천지구 하천개수공사,B,부산청,I1,형산강,경상북도 경주시,I1,형산강,03,2003-11-10,2006-11-09,20061109,1,완료공사,102,하천,경북 경주시 조양동~경북 경주시 평동
1208,6048300784,C2003023,C2003023,형산강 수계치수사업 소현지구 하천개수공사,B,부산청,I1,형산강,,I1,형산강,03,2003-11-10,2005-05-24,20050524,1,완료공사,102,하천,~
1209,6048300784,C2017005,C2016036,형산강 황성지구외 1개지구 하천환경정비사업,B,부산청,I1,형산강,경상북도 경주시,I1,형산강,01,2016-12-26,2021-11-29,20211129,1,완료공사,102,하천,경북 경주시 노서동~경주시 경주시 안강읍일원
1210,6048300784,C2017002,C2016037,형산강 효자1지구 하천환경정비사업,B,부산청,I1,형산강,경상북도 포항시 남구,I1,형산강,01,2016-12-26,2021-11-29,20211129,1,완료공사,102,하천,포항시 남구 연일읍 중명리~포항시 남구 연일읍 중명리
1211,6048300784,C2015028,C2015053,형산강 효자2지구 하천환경정비사업,B,부산청,I1,형산강,경상북도 경주시,I1,형산강,01,2015-10-12,2020-09-14,20200914,1,완료공사,102,하천,경주시강동면 국당리~경주시강동면국당리
1212,6048300784,C2002019,C2002019,형산강수계 안강지구 하천개수공사,B,부산청,I1,형산강,경상북도 경주시,I1,형산강,03,2002-12-30,2006-12-15,20061215,1,완료공사,102,하천,경주시 안강읍 청령리~경주시 강동면 인동리
1213,6048300784,C2002017,C2002017,형산강수계 치수사업 대천지구 하천개수공사,B,부산청,I1,형산강,경상북도 경주시,I1,형산강,03,2002-12-20,2006-06-02,20060602,1,완료공사,102,하천,~
1214,6048300784,C2002018,C2002018,형산강수계 치수사업 두서지구 하천개수공사,B,부산청,I1,형산강,,I1,형산강,03,2002-12-30,2006-10-17,20061017,1,완료공사,102,하천,~
1215,6048300784,C2002020,C2002020,형산강수계치수사업 연일제하천개수공사,B,부산청,I1,형산강,경상북도 포항시 남구,I1,형산강,01,2002-12-30,2007-12-03,20071203,1,완료공사,102,하천,~
1216,6048300784,C2003030,C2003030,형산강수계치수사업대송제하천개수공사,B,부산청,I1,형산강,경상북도 포항시 남구,I1,형산강,03,2003-12-01,2006-11-19,20061119,1,완료공사,102,하천,~
1217,6048300784,C2010010,C2010013,호계-불정국도건설공사,B,부산청,034,국도 34호선(당진 ~ 영덕),경상북도 문경시,A,일반국도,01,2010-02-03,2018-12-31,20181231,1,완료공사,101,도로,경북 문경시 호계면 견탄리~경북 문경시 산양면 반곡리
1218,4038301161,D2008006,D2008006,홍농-백수 도로건설공사,I,익산청,077,국도 77호선(부산 ~ 인천),전라남도 영광군,A,일반국도,00,2008-09-12,2015-11-30,20151130,1,완료공사,101,도로,전남 영광군 백수읍 구수리~전남 영광군 홍농읍 칠곡리
1219,3068301763,C2001009,C2001009,홍산-구룡간 도로확장 및 포장공사,D,대전청,004,국도 4호선(군산 ~ 경주),충청남도 부여군,A,일반국도,00,2001-10-16,2011-12-30,20111230,1,완료공사,101,도로,충남 서천군 판교면 복대리~부여군 구룡면 동방리
1220,3068301763,C1999005,C1999005,홍성남부우회도로 축조 및 포장공사,D,대전청,021,국도 21호선(전주 ~ 이천),충청남도 홍성군,A,일반국도,00,1999-11-30,2008-12-31,20081231,1,완료공사,101,도로,충남 홍성군 홍성읍 옥암리~충남 홍성군 금마면 장성리
1221,3068301763,C2016024,C2016019,홍성서부남당 등 2개소 도로건설공사,D,대전청,040,국도 40호선(대천 ~ 공주),충청남도 홍성군,A,일반국도,01,2016-07-07,2020-12-24,20200615,1,완료공사,101,도로,충청남도 홍성군 서부면 남당리~충청남도 보령시 주포면 보령리
1222,4038301161,C2015035,C2015059,화산-평호 도로건설공사,I,익산청,077,국도 77호선(부산 ~ 인천),전라남도 해남군,A,일반국도,01,2015-11-30,2018-09-07,20180825,1,완료공사,101,도로,화산면 안호리~화산면 평호리
1223,4038301161,C2019020,C2019024,화순 동면-순천 주암 도로시설개량공사,I,익산청,015,국도 15호선(고흥 ~ 담양),전라남도 화순군,A,일반국도,01,2020-01-29,2026-08-19,20201231,0,진행공사,101,도로,전남 화순군 동면 복암리~전남 순천시 주암면 광천리
1224,4038301161,C2008002,C2008002,화순-광주 도로확장공사,I,익산청,022,국도 22호선(정읍 ~ 순천),전라남도 화순군,A,일반국도,01,2008-02-28,2014-12-02,20141202,1,완료공사,101,도로,전라남도 화순군 화순읍 대리~광주광역시 동구 내남동
1225,4038301161,C2012029,C2012026,화양-적금(1공구) 도로건설공사,I,익산청,077,국도 77호선(부산 ~ 인천),전라남도 여수시,A,일반국도,01,2012-03-13,2020-01-30,20200130,1,완료공사,101,도로,전남 여수시 화양면 안포리~전남 여수시 화양면 장수리
1226,4038301161,C2012007,C2012004,화양-적금(2공구) 도로건설공사,I,익산청,077,국도 77호선(부산 ~ 인천),전라남도 여수시,A,일반국도,01,2011-12-14,2020-03-01,20200301,1,완료공사,101,도로,전남여수시화양면장수리~전남여수시화정면조발리
1227,4038301161,C2011028,C2011026,화양-적금(3공구) 도로건설공사,I,익산청,077,국도 77호선(부산 ~ 인천),전라남도 여수시,A,일반국도,01,2011-12-14,2019-12-31,20191231,1,완료공사,101,도로,전라남도 여수시 화정면 조발리~전라남도 여수시 화정면 낭도리
1228,4038301161,C2012026,C2012027,화양-적금(4공구) 도로건설공사,I,익산청,077,국도 77호선(부산 ~ 인천),전라남도 여수시,A,일반국도,01,2012-03-13,2019-12-30,20200130,1,완료공사,101,도로,전라남도 여수시 화정면 낭도리~전라남도 여수시 화정면 적금리
1229,6048300784,C2001001,C2001001,화양-청도 국도4차로 확장공사,B,부산청,020,국도 20호선(산청 ~ 포항),경상북도 청도군,A,일반국도,01,2001-05-24,2004-09-23,20040923,1,완료공사,101,도로,"경상북도 청도군 화양읍
~경상북도 청도군 화양읍
"
1230,4038301161,C2016033,C2016034,화엄사 진입도로 건설공사,I,익산청,018,국도 18호선(진도 ~ 구례),전라남도 구례군,A,일반국도,01,2016-12-07,2022-03-18,20211110,1,완료공사,101,도로,전남 구례군 마산면 냉천리~전남 구례군 마산면 황전리
1231,6048300784,C2006008,C2006009,화원-옥포 국도건설공사,B,부산청,005,국도 5호선(마산 ~ 중강진(김화)),대구광역시 달성군,A,일반국도,01,2006-02-04,2015-11-14,20151114,1,완료공사,101,도로,논공읍 상리~화원읍 성산리
1232,2248301909,C2005090,C2005094,화천제 축제공사,W,원주청,Z1,기타,,A1,한강,03,2005-12-26,2009-12-01,20091201,1,완료공사,102,하천,~
1233,6048300784,C2021029,C2021023,화포천 화포1지구 하천환경정비사업,B,부산청,B1,낙동강,경상남도 김해시,B1,낙동강,01,2021-04-26,2024-04-09,20240409,0,진행공사,102,하천,경상남도 김해시 한림면 시산리 1399~경상남도 김해시 한림면 시산리 1367
1234,6048300784,C2014024,C2014029,황강 거창지구 하천환경정비사업,B,부산청,B1,낙동강,경상남도 거창군,B1,낙동강,01,2013-12-09,2016-11-22,20161122,1,완료공사,102,하천,거창군 거창읍 양평리~거창군 남하면 무릉리
1235,6048300784,C2009073,C2009072,황강 건태지구 하천개수공사,B,부산청,Z1,기타,경상남도 합천군,Z1,기타,01,2009-02-25,2012-10-07,20121007,1,완료공사,102,하천,~
1236,6048300784,C2020019,C2020017,황강 건태지구 하천환경정비사업,B,부산청,B1,낙동강,,B1,낙동강,01,2020-07-20,2024-06-28,20240628,0,진행공사,102,하천,~
1237,6048300784,C2020020,C2020020,황강 남상지구 하천환경정비사업,B,부산청,B1,낙동강,경상남도 거창군,B1,낙동강,01,,,,0,진행공사,102,하천,~
1238,6048300784,C2020024,C2020021,황강 남하지구 하천환경정비사업,B,부산청,B1,낙동강,경상남도 거창군,B1,낙동강,01,2020-08-03,2024-07-12,20240712,0,진행공사,102,하천,경상남도 거창군 남하면 무릉리 1290~
1239,6048300784,C2013929,C2013930,황강 쌍책지구 하천환경정비사업,B,부산청,Z1,기타,경상남도 합천군,Z1,기타,미등록,2013-03-22,2017-11-01,20171101,1,완료공사,102,하천,경남 합천군 청덕면 삼학리~경남 합천군 쌍책면 건태리
1240,6048300784,C2004160,C2004171,황강 양항제 하천개수공사,B,부산청,Z1,기타,경상남도 거창군,B1,낙동강,01,2004-12-23,2007-08-02,20071231,1,완료공사,102,하천,~
1241,6048300784,C2013932,C2013933,황강 용주지구 하천환경정비사업,B,부산청,Z1,기타,경상남도 합천군,B1,낙동강,미등록,2013-03-22,2016-03-05,20160305,1,완료공사,102,하천,경남 합천군 용주면 가호리~경남 합천군 합천읍 영창리
1242,6048300784,C2013931,C2013932,황강 율곡지구 하천환경정비사업,B,부산청,Z1,기타,경상남도 합천군,Z1,기타,미등록,2013-03-22,2017-11-01,20171101,1,완료공사,102,하천,경남 합천군 쌍책면 건태리~경남 합천군 합천읍 영창리
1243,6048300784,C2020022,C2020019,황강 죽고지구 하천환경정비사업,B,부산청,B1,낙동강,경상남도 합천군,B1,낙동강,01,2020-07-30,2024-07-08,20240708,0,진행공사,102,하천,~
1244,6048300784,C2022012,C2022022,황강 취약시설물 보강공사,B,부산청,B1,낙동강,,Z1,기타,미등록,,,,0,진행공사,102,하천,~
1245,6048300784,C2004169,C2004180,황강 하회지구 하천개수공사,B,부산청,Z1,기타,경상남도 합천군,B1,낙동강,01,2004-12-23,2011-12-27,20111227,1,완료공사,102,하천,합천군 합천읍 금양리~합천군 청덕면 삼학리
1246,6048300784,C2007058,C2007061,황강 합천 쌍책지구 하천개수공사,B,부산청,Z1,기타,경상남도 합천군,Z1,기타,01,2007-02-14,2012-11-13,20120119,1,완료공사,102,하천,경남 합천군 율곡면 낙민리~경남 합천군 쌍책면 성산리
1247,6048300784,C2021001,C2020039,황강 합천2지구 수해복구공사,B,부산청,B1,낙동강,경상남도 합천군,B1,낙동강,01,2020-12-15,2022-01-08,20220108,1,완료공사,102,하천,~
1248,6048300784,C2021011,C2020040,황강 합천3지구 수해복구공사,B,부산청,B1,낙동강,,B1,낙동강,01,,,,0,진행공사,102,하천,~
1249,6048300784,C2004159,C2004170,황강 합천지구 하천개수공사,B,부산청,Z1,기타,경상남도 합천군,B1,낙동강,01,2004-12-22,2012-12-18,20130123,1,완료공사,102,하천,합천군 용주면 고품리~합천군 율곡면 제내리
1250,6048300784,C2022009,C2022002,황강 합천지구 하천환경정비사업,B,부산청,B1,낙동강,,Z1,기타,미등록,,,,0,진행공사,102,하천,~
1251,1108300348,C2003106,C2003106,황구지천 하천환경 정비사업,S,서울청,F1,안성천,경기도 화성시,F1,안성천,01,2003-06-10,2012-11-30,20121130,1,완료공사,102,하천,수원시 대황교동 원천리천~화성시 양감면 정문리 진위천
1252,1108300348,C2018027,C2018032,황구지천 화성지구 하천환경정비사업,S,서울청,F1,안성천,경기도 화성시,F1,안성천,01,2018-03-30,2022-03-08,20220308,1,완료공사,102,하천,경기도 수원시 대황교동~경기도 평택시 서탄면 회화리 일원
1253,4038301161,C2004129,C2004130,황룡강장록제보강공사,I,익산청,E1,영산강,광주광역시 광산구,E1,영산강,03,2004-12-09,2006-11-29,20061129,1,완료공사,102,하천,~
1254,4038301161,C1997019,C1997019,황산-해남간 도로확장 및 포장공사,I,익산청,018,국도 18호선(진도 ~ 구례),전라남도 해남군,B,지역간선,08,2002-01-28,2003-12-31,20031231,1,완료공사,101,도로,전남 해남군 황산면 송호리~전남 해남군 해남읍 호천리
1255,6048300784,C2011017,C2011017,흥해-기계1국도건설공사,B,부산청,031,국도 31호선(부산 ~ 신고산),경상북도 포항시 북구,A,일반국도,01,2011-04-29,2018-12-31,20181231,1,완료공사,101,도로,경북 포항시 북구 흥해읍 대련리~경북 포항시 북구 기계면 내단리
1256,6048300784,C2011018,C2011018,흥해-기계2국도건설공사,B,부산청,031,국도 31호선(부산 ~ 신고산),경상북도 포항시 북구,A,일반국도,00,2011-05-11,2018-06-30,20180630,1,완료공사,101,도로,기계면 내단리~기계면 인비리
1257,6048300784,C2015019,C2015039,흥해우회국도건설공사,B,부산청,007,국도 7호선(부산 ~ 온성 (간성)),경상북도 포항시 북구,A,일반국도,01,2015-04-27,2022-05-08,20210509,1,완료공사,101,도로,경북 포항시 북구 흥해읍 초곡리~흥해읍 용천리
