순번,발주청사업자등록번호,현장번호,공사번호,공사명,기관코드,기관코드명,노선(하천)코드,노선(하천)명,행정구역명,사업종류코드,사업종류명,사업종류차수,착공일자,준공일자,준공예정일자,"준공여부(0:진행,1:준공)","준공여부명(0:진행,1:준공)",사업분야코드,사업분야명,공사구간
801,2248301909,C1998012,C1998012,어론-남전 도로확장 및 포장공사,W,원주청,,,강원도 인제군,A,일반국도,01,1998-02-10,2006-12-31,20061231,1,완료공사,102,하천,강원도 홍천군 두촌면 장남리~강원도 인제군 남면 남전리
802,6048300784,C2005027,C2005041,어모-상주 국도건설공사,B,부산청,003,국도 3호선(남해 ~ 초산 (철원)),경상북도 상주시,A,일반국도,00,2005-02-25,2013-12-31,20131231,1,완료공사,101,도로,경상북도 상주시 공성면 거창리~경상북도 상주시 가장동
803,2248301909,C2005094,C2005097,어천제 축제공사,W,원주청,Z1,기타,강원도 정선군,A1,한강,03,2005-12-08,2011-12-26,20111226,1,완료공사,102,하천,정선군 .읍 신월리~정선군.화암면. 석곡리
804,4038301161,C2021019,C2021017,여수 화태-백야(1공구) 도로건설공사,I,익산청,077,국도 77호선(부산 ~ 인천),전라남도 여수시,A,일반국도,01,2021-04-30,2027-03-29,20270329,0,진행공사,101,도로,"전라남도 여수시 남면 묘두길 7-19, 전라남도 여수시 남면 화태리 426(도)~전라남도 여수시 화정면 개도중앙2로 152, 전라남도 여수시 화정면 개도리 160-7(전)"
805,4038301161,C2021016,C2021018,여수 화태-백야(2공구) 도로건설공사,I,익산청,077,국도 77호선(부산 ~ 인천),강원도 강릉시,A,일반국도,01,2021-04-30,2027-03-29,20270329,0,진행공사,101,도로,전라남도 여수시 화정면 개도리~전라남도 여수시 화정면 백야리
806,4038301161,C2005065,C2005069,여수-순천(1공구) 도로건설공사,I,익산청,017,국도 17호선(여천 ~ 용인),전라남도 여수시,A,일반국도,00,2005-12-20,2013-12-21,20131221,1,완료공사,101,도로,여수시 소라면 덕양리~여수시 소라면 취적리
807,4038301161,C2005036,C2005044,여수시관내 국도대체우회도로(우두-종화)건설공사,I,익산청,017,국도 17호선(여천 ~ 용인),전라남도 여수시,A,일반국도,00,2005-08-12,2012-06-11,20120611,1,완료공사,101,도로,전남 여수시 돌산읍 우두리~전남 여수시 종화동
808,1108300348,C2008023,C2008025,여주-양평 도로건설공사,S,서울청,037,국도 37호선(거창 ~ 파주),경기도 양평군,A,일반국도,00,2009-02-09,2015-11-10,20141228,1,완료공사,101,도로,양평군 개군면 불곡리~양평군 양평읍 백안리
809,1108300348,C2005038,C2005008,여주IC-장호원 1공구,S,서울청,037,국도 37호선(거창 ~ 파주),경기도 여주시,A,일반국도,00,2005-09-22,2015-12-31,20151231,1,완료공사,101,도로,경기도 여주시 점봉동~경기도 여주시 점동면 덕평리
810,1108300348,C2000020,C2000020,여주우회도로 개설공사,S,서울청,037,국도 37호선(거창 ~ 파주),경기도 여주시,B,지역간선,08,2000-02-03,2005-03-26,20050326,1,완료공사,101,도로,경기도 여주군 여주읍 홍문리~경기도 여주군 대신면 가산리
811,1108300348,C2007074,C2007083,여주제 개수공사,S,서울청,A1,한강,경기도 여주시,A1,한강,01,2007-12-28,2010-12-31,20101231,1,완료공사,102,하천,경기도 여주군 하리~상리
812,2248301909,C2003140,C2003140,연곡-두능,W,원주청,,,강원도 강릉시,A,일반국도,미등록,2004-12-02,2016-12-31,20161231,1,완료공사,101,도로,연곡~두능
813,1108300348,C2005054,C2005058,연곡1제외 3개소 개수공사,S,서울청,A1,한강,경기도 포천시,R1,임진강,03,2005-09-09,2010-12-31,20101231,1,완료공사,102,하천,포천시이동면 연곡리~이동면 장암리
814,2248301909,C2000024,C2000025,연당-영월간 도로확장 및 포장공사,W,원주청,038,국도 38호선(서산 ~ 동해),강원도 영월군,B,지역간선,07,1998-02-04,2004-12-24,20041224,1,완료공사,101,도로,연당~영월
815,1108300348,C2004041,C2004041,연천-신탄리 도로건설공사(제1공구),S,서울청,003,국도 3호선(남해 ~ 초산 (철원)),경기도 연천군,A,일반국도,00,2004-11-19,2017-06-30,20170630,1,완료공사,101,도로,연천읍 동막리~신서면 도신리
816,2248301909,C2003111,C2003111,연하-신동 도로건설공사,W,원주청,038,국도 38호선(서산 ~ 동해),강원도 정선군,B,지역간선,10,2002-06-18,2007-08-11,20070811,1,완료공사,101,도로,강원도 영월군 연하리~강원도 정선군 신동읍
817,4038301161,C2014007,C2014020,염산-백수 도로건설공사,I,익산청,077,국도 77호선(부산 ~ 인천),전라남도 영광군,A,일반국도,01,2014-02-17,2019-12-31,20190121,1,완료공사,101,도로,영광군 염산면 두우리~영광군 백수읍 하사리
818,4038301161,C2007083,C2007056,영광-대산 도로확장공사,I,익산청,023,국도 23호선(강진 ~ 천안),전라남도 영광군,A,일반국도,01,,,,1,완료공사,101,도로,전남 영광군 영광읍~전북 고창군 대산면
819,4038301161,C1996006,C1996006,영광-해보 도로확장 및 포장공사,I,익산청,022,국도 22호선(정읍 ~ 순천),전라남도 영광군,B,지역간선,08,1996-12-31,2005-12-31,20051231,1,완료공사,101,도로,전남 영광군 영광읍 학정리~광주광역시 광산구 삼거동
820,4038301161,C2012061,C2012069,영광-해제 도로건설공사,I,익산청,077,국도 77호선(부산 ~ 인천),전라남도 영광군,A,일반국도,01,2012-09-20,2019-12-20,20190814,1,완료공사,101,도로,전남 무안군 해제면 송석리~전남 영광군 염산면 봉남리
821,6048300784,C2021005,C2021003,영남 남부권 국도터널 통합관리센터 구축공사(건축),B,부산청,,,,A,일반국도,01,2020-12-10,2022-11-29,20221129,0,진행공사,101,도로,~
822,6048300784,C2021003,C2021001,영남 남부권 국도터널 통합관리센터 구축공사(정보통신),B,부산청,,,,A,일반국도,00,2020-12-29,2023-12-13,20231213,0,진행공사,101,도로,~
823,6048300784,C2021020,C2021004,영남 북부권 국도터널 통합관리센터 구축공사(건축),B,부산청,,,,A,일반국도,00,2020-12-10,2022-11-29,20221129,0,진행공사,101,도로,~
824,6048300784,C2021018,C2021002,영남 북부권 국도터널 통합관리센터 구축공사(정보통신),B,부산청,,,,A,일반국도,00,2020-12-29,2023-12-13,20231213,0,진행공사,101,도로,~
825,6048300784,C2007003,C2007003,영남권 물류기지 진입도로 건설공사,B,부산청,004,국도 4호선(군산 ~ 경주),경상북도 칠곡군,A,일반국도,미등록,2007-02-07,2009-11-14,20091114,1,완료공사,101,도로,"경상북도 칠곡군
~경상북도 칠곡군
"
826,6048300784,C1995002,C1995002,영덕~성내간(영덕측) 도로4차선 확장 및 포장공사,B,부산청,007,국도 7호선(부산 ~ 온성 (간성)),경상북도 영덕군,A,일반국도,01,1995-12-30,2005-12-28,20051228,1,완료공사,101,도로,"경북 영덕군 축산면
~경북 영덕군 병곡면
"
827,3068301763,C2009041,C2009040,영동-용산 도로건설공사,D,대전청,019,국도 19호선(남해 ~ 원주),충청북도 영동군,A,일반국도,00,2009-04-20,2016-10-17,20161017,1,완료공사,101,도로,충북 영동군 영동읍 부용리~충북 영동군 영동읍 설계리
828,3068301763,C2007005,C2007004,영동-추풍령(제1공구)도로건설공사,D,대전청,004,국도 4호선(군산 ~ 경주),충청북도 영동군,A,일반국도,미등록,2007-02-07,2017-03-08,20170308,1,완료공사,101,도로,충북 영동군 영동읍 부용리~충북 영동군 영동읍 가리
829,3068301763,C2007009,C2007008,영동-추풍령(제2공구) 도로건설공사,D,대전청,004,국도 4호선(군산 ~ 경주),충청북도 영동군,A,일반국도,00,2007-02-01,2016-11-15,20161115,1,완료공사,101,도로,충청북도 영동군 영동읍 가리~충청북도 영동군 황간면 광평리
830,3068301763,C2016030,C2016028,영동~보은 도로건설공사,D,대전청,019,국도 19호선(남해 ~ 원주),충청북도 옥천군,A,일반국도,01,2016-08-30,2023-07-24,20230724,0,진행공사,101,도로,충북 영동군 용산면 상용리~충북 옥천군 청성면 능월리
831,3068301763,C2018037,C2018041,영동~용산1-1 도로건설공사,D,대전청,019,국도 19호선(남해 ~ 원주),충청북도 영동군,A,일반국도,01,2021-01-25,2022-01-19,20220119,1,완료공사,101,도로,충청북도 영동군 영동읍 설계리 산 21-28~충청북도 영동군 영동읍 설계리 산 12-9
832,3068301763,C2021012,C2021012,영동~용산1-2 도로건설공사,D,대전청,019,국도 19호선(남해 ~ 원주),충청북도 영동군,A,일반국도,01,2021-02-01,2026-01-05,20260105,0,진행공사,101,도로,충청북도 영동군 대학로 310 유원(U1)대학교~충청북도 영동군 빙벽장길 13 박달휴계소
833,3068301763,C2005030,C2005011,영동지구 시항·유점천 개수공사,D,대전청,C1,금강,충청북도 영동군,Z1,기타,03,2005-09-16,2012-01-07,20111230,1,완료공사,102,하천,충북 영동군 학산면 범화리~충북 영동군 학산면 유점리
834,4038301161,C2005020,C2005030,영산강 다시제 외 1개지구 보강공사,I,익산청,E1,영산강,전라남도 나주시,E1,영산강,01,2005-05-23,2009-12-21,20091221,1,완료공사,102,하천,나주 다시 죽산~나주 다시 가흥
835,4038301161,C2022031,C2022033,영산강 등 7개 국가하천 실시간 모니터링 체계 구축사업,I,익산청,E1,영산강,,E1,영산강,01,,,,0,진행공사,102,하천,~
836,4038301161,C2009007,C2009011,영산강 몽탄제 외 3개소 보강공사,I,익산청,E1,영산강,전라남도 무안군,E1,영산강,01,2009-02-09,2012-01-26,20120320,1,완료공사,102,하천,"무안군 몽탄면 사창리,나주시 동강면 곡천리~무안군 몽탄면 몽강리, 나주시 동강면 옥정리"
837,4038301161,C2010011,C2010014,영산강 살리기 4공구(나주2지구) 사업,I,익산청,E1,영산강,전라남도 나주시,E1,영산강,01,2010-03-29,2012-04-24,20120424,1,완료공사,102,하천,전남 나주시 운곡동 만봉천 합류부~전남 나주시 영산동 영산천 합류전
838,4038301161,C2010009,C2010011,영산강 살리기 5공구(나주3지구) 사업,I,익산청,E1,영산강,전라남도 나주시,E1,영산강,01,2010-03-22,2012-04-28,20120310,1,완료공사,102,하천,지석천 합류점~삼도동(나주대교)
839,4038301161,C2010012,C2010012,영산강 살리기 9공구(함평3지구) 사업,I,익산청,E1,영산강,전라남도 함평군,E1,영산강,01,2010-04-06,2013-06-05,20130605,1,완료공사,102,하천,함평군 학교면 월산리~함평군 엄다면 영흥리
840,4038301161,C2009075,C2009087,영산강 살리기 함평1지구 생태하천 조성사업,I,익산청,E1,영산강,전라남도 함평군,E1,영산강,미등록,2009-07-31,2011-12-31,20111231,1,완료공사,102,하천,전남 함평군 대동면 덕산리~전남 함평군 함평읍 기각리
841,4038301161,C2004127,C2004128,영산강 왕곡제 보강공사,I,익산청,E1,영산강,전라남도 나주시,E1,영산강,01,2004-12-23,2010-12-31,20101231,1,완료공사,102,하천,전남 나주시 진포동~전남 나주시 왕곡면 송죽리
842,4038301161,C2004147,C2004148,영산강 향교제외 3개지구 보강공사,I,익산청,E1,영산강,전라남도 담양군,E1,영산강,03,2004-12-06,2008-11-26,20081126,1,완료공사,102,하천,~
843,4038301161,C2009080,C2009094,영산강살리기 2공구(다시지구)사업,I,익산청,E1,영산강,전라남도 나주시,E1,영산강,미등록,2009-10-16,2012-05-06,20120506,1,완료공사,102,하천,나주시 동강면 운산리~나주시 오량동
844,4038301161,C2009088,C2009102,영산강살리기 3공구(나주1지구)사업,I,익산청,E1,영산강,전라남도 나주시,E1,영산강,01,2009-11-16,2012-05-22,20120522,1,완료공사,102,하천,전남 나주시 오량동~나주시 운곡동
845,4038301161,C2009085,C2009097,영산강살리기6공구(서창지구)사업,I,익산청,E1,영산강,광주광역시 남구,E1,영산강,미등록,2009-10-16,2012-05-01,20120501,1,완료공사,102,하천,전남 나주시 금천면 신가리~광주광역시 서구 치평동~광주광역시 남구 승촌동~광산구 우산동
846,4038301161,C2005025,C2005033,영산강상류(노안제등) 배수문보강공사,I,익산청,E1,영산강,전라남도 담양군,E1,영산강,01,2005-06-13,2010-12-31,20101124,1,완료공사,102,하천,광주광역시남구양촌동~전남담양군담양읍금월리
847,4038301161,C2003093,C2003093,영산강수계 치수사업 송림제2차 개수공사,I,익산청,E1,영산강,전라남도 나주시,E1,영산강,03,2003-07-08,2006-07-07,20060707,1,완료공사,102,하천,~
848,4038301161,C2003097,C2003097,영산강수계 치수사업 지석천 기존제방 보축2차공사,I,익산청,E1,영산강,전라남도 화순군,E1,영산강,03,2003-06-04,2006-06-03,20070603,1,완료공사,102,하천,신덕교~A-LINE도로
849,4038301161,C2003074,C2003074,영산강수계 치수사업 평림천 홍정제 2차 개수공사,I,익산청,E1,영산강,전라남도 장성군,E1,영산강,03,2003-05-02,2006-11-18,20061118,1,완료공사,102,하천,~
850,4038301161,C2002058,C2002058,영산강수계 치수사업 평지제2차 개수공사,I,익산청,E1,영산강,전라남도 담양군,E1,영산강,03,2002-06-10,2005-08-06,20050806,1,완료공사,102,하천,~
851,4038301161,C2005024,C2005032,영산강수계치수사업 삼천천 삼천제개수공사,I,익산청,E1,영산강,전라남도 담양군,E1,영산강,01,2005-05-19,2008-05-03,20080503,1,완료공사,102,하천,담양군 창평면 용수리~담양군 창평면 오강리
852,4038301161,C2004185,C2004192,영산강수계치수사업 정천 정천제 개수공사,I,익산청,E1,영산강,전라남도 화순군,E1,영산강,미등록,2007-12-14,2010-11-28,20101128,1,완료공사,102,하천,지월리~천태리
853,4038301161,C2009012,C2009017,영산지구 생태하천 조성공사,I,익산청,E1,영산강,전라남도 나주시,E1,영산강,01,2009-03-09,2012-03-09,20120322,1,완료공사,102,하천,전남 나주시 죽림동~전남 나주시 송월동
854,6048300784,C2017046,C2017048,영양-평해 국도건설공사,B,부산청,088,국도 88호선(영양 ~ 울진),경상북도 울진군,A,일반국도,01,2017-09-13,2023-08-12,20230812,0,진행공사,101,도로,경북 울진 온정면 선구리~경북 울진 평해읍 평해리
855,2248301909,C2005076,C2005080,영월 - 방림 (Ⅱ) 도로 건설 공사,W,원주청,031,국도 31호선(부산 ~ 신고산),강원도 평창군,B,지역간선,05,2006-02-08,2017-04-30,20151231,1,완료공사,101,도로,영월군 북면 연덕리~평창군 평창읍 유동리
856,2248301909,C1998018,C1998018,영월-덕포간 도로확장 및 포장공사,W,원주청,038,국도 38호선(서산 ~ 동해),강원도 영월군,B,지역간선,07,1998-01-30,2004-12-24,20041224,1,완료공사,101,도로,영월~덕포
857,2248301909,C2009072,C2009085,영월-방림(1) 도로건설공사,W,원주청,031,국도 31호선(부산 ~ 신고산),강원도 평창군,A,일반국도,00,2009-04-15,2018-12-31,20181231,1,완료공사,101,도로,평창군 평창읍 유동리~평창읍 방림면 방림리
858,2248301909,C2007017,C2007014,영월중동우회외 2개소 도로건설공사,W,원주청,031,국도 31호선(부산 ~ 신고산),강원도 영월군,A,일반국도,00,2007-02-27,2017-12-31,20171231,1,완료공사,101,도로,강원도 영월군 중동면~강원도 정선군 북면
859,3068301763,C2009052,C2009069,영인-팽성 도로건설공사,D,대전청,043,국도 43호선(연기 ~ 고성),충청남도 아산시,B,지역간선,06,2009-05-06,2016-12-31,20161231,1,완료공사,101,도로,충남 아산 영인~경기 평택 청북
860,6048300784,C1997006,C1997006,영주-감천간 도로 확장 및 포장공사,B,부산청,028,국도 28호선(영주 ~ 포항),경상북도 영주시,B,지역간선,09,1997-12-24,2005-06-30,20050630,1,완료공사,101,도로,경상북도 영주시 가흥동~경상북도 예천군 감천면 포리
861,6048300784,C2009029,C2009039,영주시관내 국도대체우회도로(가흥-상망)건설공사,B,부산청,036,국도 36호선(대천 ~ 울진),경상북도 영주시,D,국도대체우회도로,미등록,2009-03-04,2018-12-31,20180831,1,완료공사,101,도로,경북 영주시 가흥동~경북 영주시 상망동
862,6048300784,C2014004,C2014005,영천-삼창 국도건설공사,B,부산청,035,국도 35호선(부산 ~ 강릉),경상북도 영천시,A,일반국도,00,2013-10-15,2020-04-19,20190913,1,완료공사,101,도로,경상북도 영천시 오미동 오미교차로~경상북도 영천시 화남면 금호리
863,6048300784,C2009066,C2009079,영천지구생태하천조성사업,B,부산청,B1,낙동강,경상북도 영천시,B1,낙동강,01,2009-03-23,2013-06-06,20130606,1,완료공사,102,하천,조교동~금호읍
864,3068301763,C2003054,C2003054,예당지구 개수공사,D,대전청,G1,삽교천,충청남도 홍성군,G1,삽교천,03,2003-05-30,2006-05-30,20060530,1,완료공사,102,하천,~
865,3068301763,C2002024,C2002024,예산-신양 도로건설공사,D,대전청,032,국도 32호선(서산 ~ 대전),충청남도 예산군,A,일반국도,01,2002-10-16,2008-12-31,20081231,1,완료공사,101,도로,충남 예산군 대술면 시산리~충남 예산군 신양면 신양리
866,3068301763,C2012013,C2012006,예산지구 하천환경정비사업,D,대전청,Z1,기타,충청남도 예산군,Z1,기타,미등록,2011-12-30,2016-12-02,20161202,1,완료공사,102,하천,충남 예산군 오가면 원평리~충남 예산군 신암면 탄중리
867,6048300784,C2021043,C2021049,예천-지보 국도건설공사,B,부산청,028,국도 28호선(영주 ~ 포항),,A,일반국도,00,2021-08-09,2026-08-07,20260807,0,진행공사,101,도로,~
868,1108300348,C2017008,C2017013,오산천 오산지구 하천환경정비사업,S,서울청,F1,안성천,경기도 오산시,A1,한강,01,2017-03-28,2020-11-16,20200907,1,완료공사,102,하천,경기도 화성시 반송동~경기도 평택시 서탄면
869,1108300348,C2001024,C2001024,오산천 하천환경 정비사업,S,서울청,F1,안성천,경기도 오산시,F1,안성천,01,2001-10-17,2006-12-31,20061231,1,완료공사,102,하천,~
870,1108300348,C2009077,C2009089,오성-청북 도로건설공사,S,서울청,043,국도 43호선(연기 ~ 고성),경기도 평택시,A,일반국도,미등록,2009-08-20,2016-12-31,20161231,1,완료공사,101,도로,경기도 평택시 오성면 길음리~경기도 평택시 오성면 양교리
871,3068301763,C2003052,C2003052,오송생명과학단지 지원도로 건설공사,D,대전청,C1,금강,충청북도 청원군,Z1,기타,03,2003-06-05,2008-12-31,20081231,1,완료공사,102,하천,청원군 강외면 궁평리~청원군 강외면 만수리
872,3068301763,C2008016,C2008017,오송생명과학단지 지원도로(오송2지구) 건설공사,D,대전청,005,국도 5호선(마산 ~ 중강진(김화)),충청북도 청원군,C,산업지원국도,00,2008-09-18,2012-10-16,20120828,1,완료공사,101,도로,충북 청원군 옥산면 신촌리~청주시 흥덕구 신촌동
873,4038301161,C2009079,C2009084,오수-갈마 도로확장공사,I,익산청,017,국도 17호선(여천 ~ 용인),전라북도 임실군,A,일반국도,01,2009-06-29,2017-06-27,20170627,1,완료공사,101,도로,전북 임실군 오수면 대명리~전북 임실군 성수면 월평리
874,4038301161,C2008024,C2008027,오수-월락 도로확장공사,I,익산청,017,국도 17호선(여천 ~ 용인),전라북도 남원시,A,일반국도,01,2009-04-02,2017-12-31,20171231,1,완료공사,101,도로,전라북도 남원시 광치동~전라북도 임실군 오수면 대명리
875,6048300784,C2009002,C2009006,옥계-산동 국도 건설공사,B,부산청,067,국도 67호선(칠곡 ~ 구미),경상북도 구미시,A,일반국도,01,2009-01-29,2014-07-02,20140702,1,완료공사,101,도로,옥계동~산동면 성수리
876,4038301161,C2009061,C2009076,옥과-적성 도로확장공사,I,익산청,013,국도 13호선(완도 ~ 금산),전라북도 남원시,A,일반국도,01,2017-01-12,2017-11-10,20170527,1,완료공사,101,도로,전남 곡성군 입면 창정리~전북 남원시 대강면 송대리
877,3068301763,C1997014,C1997014,옥천-소정간 도로확장 및 포장공사(1공구),D,대전청,037,국도 37호선(거창 ~ 파주),충청북도 옥천군,B,지역간선,09,1997-12-15,2007-12-28,20071228,1,완료공사,101,도로,충북 옥천군 군서면 월전리~충북 옥천군 군북면 소정리
878,6048300784,C2006012,C2006013,온산-두왕 국도건설공사,B,부산청,031,국도 31호선(부산 ~ 신고산),울산광역시 울주군,A,일반국도,01,2006-04-17,2014-06-30,20140630,1,완료공사,101,도로,울주군 온양읍 처용리~울산시 남구 두왕동
879,1108300348,C2009039,C2009002,올림픽대로(행주대교-방화대교)확장공사,S,서울청,039,국도 39호선(부여 ~ 의정부),서울특별시 강서구,A,일반국도,00,2009-02-24,2013-12-10,20131210,1,완료공사,101,도로,경기도김포시고촌면전호리~서울특별시강서구개화동
880,6048300784,C2020025,C2020022,와룡-법전 국도건설공사,B,부산청,035,국도 35호선(부산 ~ 강릉),경상북도 봉화군,A,일반국도,01,2020-08-10,2027-07-04,20270704,0,진행공사,101,도로,경상북도 안동시 도산면 가송리~경상북도 봉화군 명호면 삼동리
881,1108300348,C2003102,C2003102,와룡제 개수공사,S,서울청,F1,안성천,충청남도 천안시,F1,안성천,01,2003-06-25,2006-07-25,20061105,1,완료공사,102,하천,천안시 성환읍 와룡리~경기도 평택시 평궁리
882,4038301161,C1999010,C1999010,완도-군외 도로확장 및 포장공사,I,익산청,013,국도 13호선(완도 ~ 금산),전라남도 완도군,A,일반국도,01,1999-05-21,2009-07-12,20090712,1,완료공사,101,도로,전라남도 완도군 완도읍 가용리~전라남도 완도군 군외면 영풍리
883,4038301161,C1997018,C1997018,완도-신지도간 연육교 가설공사,I,익산청,077,국도 77호선(부산 ~ 인천),전라남도 완도군,A,일반국도,01,1997-10-25,2005-12-31,20051231,1,완료공사,101,도로,전남 완도군 완도읍 가용리~전남 완도군 신지면 송곡리
884,4038301161,C2020027,C2020023,완주 화산-운주 도로시설개량공사,I,익산청,017,국도 17호선(여천 ~ 용인),전라북도 완주군,A,일반국도,00,2020-09-08,2025-08-12,20250812,0,진행공사,101,도로,전라북도 완주군 경천면 용복리~전라북도 완주군 운주면 장선리
885,2248301909,C2008020,C2008024,왕산-성산국도개량공사,W,원주청,035,국도 35호선(부산 ~ 강릉),강원도 강릉시,A,일반국도,00,2008-12-16,2016-12-07,20161207,1,완료공사,101,도로,강원도강릉시왕산면목계리~강원도강릉시성산면금산리
886,6048300784,C2006005,C2006003,왜관-석적 국도건설공사,B,부산청,067,국도 67호선(칠곡 ~ 구미),경상북도 칠곡군,A,일반국도,01,2006-02-21,2012-12-31,20121231,1,완료공사,101,도로,칠곡군 왜관읍 왜관리~칠곡군 석적읍 중리
887,4038301161,C2013927,C2013003,요천 남원지구(1공구) 하천환경정비사업,I,익산청,D1,섬진강,전라북도 남원시,D1,섬진강,01,2012-12-27,2015-12-24,20151224,1,완료공사,102,하천,전북 남원시 이백면 척문리~섬진강합류점(송동면 세전리)
888,4038301161,C2009004,C2009008,요천 창산제외 4개소 보강공사,I,익산청,D1,섬진강,전라북도 남원시,D1,섬진강,01,2009-02-18,2014-01-23,20140123,1,완료공사,102,하천,전북 남원 중동리~전남 곡성 대평리
889,4038301161,C2004123,C2004124,요천지당제 보강공사,I,익산청,D1,섬진강,전라북도 남원시,D1,섬진강,미등록,2005-12-28,2007-12-12,20071212,1,완료공사,102,하천,남원시 주생면 지당리~남원시 주생면 제천리
890,6048300784,C2016031,C2016030,용궁-개포 국도건설공사,B,부산청,034,국도 34호선(당진 ~ 영덕),경상북도 예천군,A,일반국도,01,2016-10-05,2021-12-24,20210908,1,완료공사,101,도로,경북 예천군 용궁면 산택리~경북 예천군 용궁면 월오리
891,6048300784,C2004137,C2004138,용동-동읍,B,부산청,025,국도 25호선(진해 ~ 청주),경상남도 창원시,A,일반국도,00,2004-12-10,2009-12-09,20091209,1,완료공사,101,도로,"경상남도 창원시 의창구 용동
~경상남도 창원시 의창구 동읍
"
892,3068301763,C2009036,C2009048,용두-동면 도로건설공사,D,대전청,021,국도 21호선(전주 ~ 이천),충청남도 천안시,A,일반국도,00,2009-04-01,2016-12-30,20161230,1,완료공사,101,도로,충남 천안시 병천면 용두리~충남 천안시 동면 화계리
893,4038301161,C2012016,C2012012,용산-장흥 도로확장공사,I,익산청,023,국도 23호선(강진 ~ 천안),전라남도 장흥군,A,일반국도,01,2012-02-21,2018-08-17,20180817,1,완료공사,101,도로,용산면 어산리~장흥읍 순지리
894,3068301763,C2002036,C2002036,용수제 개수공사,D,대전청,C1,금강,충청남도 연기군,C1,금강,03,2002-05-24,2006-05-22,20060522,1,완료공사,102,하천,성덕리~대평리
895,1108300348,C2009028,C2009024,용인시(삼가-대촌)국도대체 우회도로건설공사,S,서울청,042,국도 42호선(인천 ~ 동해),경기도 용인시,D,국도대체우회도로,00,2009-03-03,2020-12-26,20190315,1,완료공사,101,도로,용인시기흥구 상하동~용인시 처인구 남동
896,2248301909,C2006044,C2006046,용전제 수해복구공사,W,원주청,,,강원도 강릉시,미등록,,미등록,2006-12-13,2007-12-31,20071231,1,완료공사,102,하천,~
897,3068301763,C2012012,C2012007,우강지구 하천환경정비사업,D,대전청,G1,삽교천,충청남도 당진군,G1,삽교천,미등록,2011-12-29,2015-12-23,20151231,1,완료공사,102,하천,NO.0~NO.10
898,6048300784,C1998015,C1998015,우복-유강,B,부산청,031,국도 31호선(부산 ~ 신고산),경상북도 포항시 남구,D,국도대체우회도로,00,1998-03-05,2006-12-31,20061231,1,완료공사,101,도로,"경상북도 포항시 남구 연일읍 우복리
~경상북도 포항시 남구 연일읍 유강리
"
899,1108300348,C2000013,C2000013,우정-장안간 도로확장및 포장공사,S,서울청,082,국도 82호선(평택 ~ 화성),강원도 강릉시,A,일반국도,01,2000-12-30,2005-12-30,20051230,1,완료공사,101,도로,경기도 화성군 우정면 석천리~경기도 화성군 우정면 주곡리
900,4038301161,C2005063,C2005067,운남-망운 도로건설공사,I,익산청,077,국도 77호선(부산 ~ 인천),전라남도 무안군,A,일반국도,00,2006-01-03,2013-06-13,20130613,1,완료공사,101,도로,운남면 연리~망운면 목서리
