순번,발주청사업자등록번호,현장번호,공사번호,공사명,기관코드,기관코드명,노선(하천)코드,노선(하천)명,행정구역명,사업종류코드,사업종류명,사업종류차수,착공일자,준공일자,준공예정일자,"준공여부(0:진행,1:준공)","준공여부명(0:진행,1:준공)",사업분야코드,사업분야명,공사구간
201,3068301763,C2009065,C2009053,금강살리기 행복지구 생태하천 조성사업,D,대전청,C1,금강,충청남도 연기군,C1,금강,01,2009-05-27,2011-12-21,20111221,1,완료공사,102,하천,연기군 동면 합강리~연기군 남면 합강리
202,3068301763,C2009067,C2009080,금강살리기 행복지구 생태하천 조성사업(제2공구),D,대전청,C1,금강,충청남도 연기군,C1,금강,01,2009-05-27,2012-06-20,20120620,1,완료공사,102,하천,충남 연기군 남면 송원리~충남 연기군 남면 양화리
203,3068301763,C2009084,C2009098,금강살리기6공구(청남지구)사업,D,대전청,C1,금강,충청남도 부여군,A1,한강,01,2009-10-23,2012-06-29,20120704,1,완료공사,102,하천,충남 부여군 부여읍 구교리~충남 공주시 이인면 운암리
204,3068301763,C2009083,C2009096,금강살리기7공구(공주지구)사업,D,대전청,C1,금강,충청남도 공주시,C1,금강,01,2009-10-23,2011-12-21,20111221,1,완료공사,102,하천,"공주시 이인면 운암리,공주시 우성면 어천리~공주시 반포면 원봉리, 연기군 남면 송원리"
205,3068301763,C2006032,C2006036,금강상류 방우제 하천개수공사,D,대전청,C1,금강,,C1,금강,미등록,2006-08-28,2008-09-04,20080904,1,완료공사,102,하천,~
206,3068301763,C2006027,C2006026,금강상류 봉곡제등 3개소 하천개수공사,D,대전청,C1,금강,충청북도 영동군,C1,금강,미등록,2006-09-25,2011-12-21,20111231,1,완료공사,102,하천,충북 영동군 양강면~충북 영동군 양산면
207,3068301763,C2006033,C2006035,금강상류 적벽제등 7개소 하천개수공사,D,대전청,C1,금강,충청남도 금산군,C1,금강,미등록,2006-09-11,2011-12-21,20111221,1,완료공사,102,하천,금산군 부리면 수통리~금산군 부리면 어재리
208,3068301763,C2006026,C2006025,금강상류 천내제 하천개수공사,D,대전청,C1,금강,충청남도 금산군,C1,금강,미등록,2006-09-15,2011-12-21,20111221,1,완료공사,102,하천,"충남금산 제원 천내리,저곡리~충북영동 양산 가선리"
209,3068301763,C2007039,C2007040,금강상류 초강제외 2개소 하천개수공사,D,대전청,C1,금강,충청북도 영동군,C1,금강,01,2006-11-17,2010-06-30,20100630,1,완료공사,102,하천,심천면 초강리~심천면 초강리
210,3068301763,C2004173,C2004159,금강상류(심천지구) 하천환경정비사업,D,대전청,C1,금강,충청북도 영동군,C1,금강,01,2004-12-30,2011-12-27,20111230,1,완료공사,102,하천,"고당제,동대제,심천제~고당제,동대제,심천제"
211,3068301763,C2007049,C2007094,금강수계 보청.항건천 하천정비공사,D,대전청,Z1,기타,충청북도 보은군,C1,금강,01,2007-08-20,2011-12-31,20111231,1,완료공사,102,하천,충북보은군마로면기대리~충북보은군수한면병원리
212,3068301763,C2007048,C2007049,금강수계 소옥지구 하천정비공사,D,대전청,Z1,기타,충청북도 옥천군,C1,금강,01,2007-08-20,2012-12-21,20121231,1,완료공사,102,하천,옥천군 군서면 은행리~옥천군 옥천읍 서정리
213,4038301161,C2004157,C2004163,금강수계 용안제 보강공사,I,익산청,C1,금강,,C1,금강,01,2004-12-10,2008-12-31,20081231,1,완료공사,102,하천,~
214,4038301161,C2003088,C2003088,금강수계 치수사업 금강 성덕제 개수공사,I,익산청,C1,금강,전라북도 익산시,C1,금강,03,2003-07-18,2009-11-28,20091128,1,완료공사,102,하천,전북익산시 낭산면 낭산리~
215,4038301161,C2003082,C2003082,금강수계 치수사업 금강 장수제 개수공사,I,익산청,C1,금강,전라북도 장수군,C1,금강,03,2003-07-10,2010-12-31,20101231,1,완료공사,102,하천,장수읍 개정리~장계면 무농리
216,4038301161,C2003091,C2003091,금강수계 치수사업 금강 전도제 개수공사,I,익산청,C1,금강,전라북도 무주군,C1,금강,03,2003-06-26,2009-12-27,20091227,1,완료공사,102,하천,무주읍 내도리(전도마을)~무주읍 내도리(후도마을)
217,4038301161,C2004110,C2004110,금강수계 치수사업 어량천 어량제(상류) 개수공사,I,익산청,C1,금강,전라북도 익산시,C1,금강,03,2004-12-10,2013-12-17,20131217,1,완료공사,102,하천,낭산면 석천리~망성면 무형리
218,3068301763,C2002022,C2002022,금강수계 치수사업 용수제 개수공사,D,대전청,C1,금강,충청남도 연기군,C1,금강,03,2002-05-30,2006-05-29,20060529,1,완료공사,102,하천,~
219,4038301161,C2003078,C2003078,금강수계 치수사업 장선천 완창제 개수공사,I,익산청,C1,금강,전라북도 완주군,C1,금강,03,2003-06-23,2011-01-22,20110122,1,완료공사,102,하천,운주면 장선리~운주면완창리
220,4038301161,C2004020,C2004020,금강수계 치수사업 적상천 부남제 개수공사,I,익산청,C1,금강,전라북도 무주군,C1,금강,03,2003-10-21,2011-06-01,20110601,1,완료공사,102,하천,무주군 적상면 삼가리~무주군 부남면 대유리
221,4038301161,C2003075,C2003075,금강수계 치수사업 진안천 진안제 개수공사,I,익산청,C1,금강,,C1,금강,03,2003-07-23,2006-12-30,20061230,1,완료공사,102,하천,~
222,4038301161,C2004109,C2004109,금강수계치수사업 강경천 강경제하류개수공사,I,익산청,C1,금강,전라북도 익산시,C1,금강,03,2004-12-10,2014-06-07,20140607,1,완료공사,102,하천,전북 익산시 여산면 제남리~전북 익산시 망성면 무형리
223,4038301161,C2004108,C2004108,금강수계치수사업 강경천강경제상류개수공사,I,익산청,C1,금강,전라북도 익산시,C1,금강,03,2004-12-10,2012-05-08,20120508,1,완료공사,102,하천,익산시 여산면 원수리~익산시 여산면 여산리
224,4038301161,C2004149,C2004150,금강수계치수사업 어량천 어량제(하류) 개수공사,I,익산청,C1,금강,전라북도 익산시,C1,금강,03,2004-12-10,2013-07-27,20130727,1,완료공사,102,하천,익산시 망성면 무형리~익산시 망성면 신작리
225,3068301763,C2015027,C2015047,금강하류 대동제 등 4개소 하천정비사업,D,대전청,C1,금강,대전광역시 유성구,C1,금강,01,2015-10-07,2019-01-18,20181224,1,완료공사,102,하천,대전광역시 유성구 대동~충북 청원군 현도면
226,2248301909,C2003120,C2003120,금계제 축제공사,W,원주청,Z1,기타,강원도 횡성군,Z1,기타,03,2003-05-30,2005-12-26,20051220,1,완료공사,102,하천,횡성군 공근면 부창리~횡성군 공근면 부창리
227,1108300348,C2004181,C2004158,금사제 개수공사,S,서울청,A1,한강,,A1,한강,01,2004-10-20,2006-10-19,20061019,1,완료공사,102,하천,~
228,3068301763,C2005040,C2005015,금산지구 신대제 개수공사,D,대전청,C1,금강,강원도 강릉시,Z1,기타,01,2005-08-08,2007-08-09,20070809,1,완료공사,102,하천,~
229,1108300348,C2004027,C2004027,금석천외 1개소 개수공사,S,서울청,F1,안성천,경기도 안성시,F1,안성천,03,2004-01-05,2006-12-20,20061220,1,완료공사,102,하천,~
230,6048300784,C2009053,C2009054,금양-대양 국도건설공사,B,부산청,024,국도 24호선(신안 ~ 울산),경상남도 합천군,A,일반국도,00,2009-04-15,2016-12-30,20161230,1,완료공사,101,도로,경남 합천군 율곡면 임북리~경남 합천군 율곡면 낙민리
231,6048300784,C2014027,C2014031,금양-대양(공단교) 건설공사,B,부산청,024,국도 24호선(신안 ~ 울산),경상남도 합천군,A,일반국도,00,2014-04-28,2017-07-10,20170710,1,완료공사,101,도로,경상남도 합천군 합천읍 합천리~경상남도 합천군 율곡면 임북리
232,6048300784,C2007053,C2007055,금호강 경산지구 하천개수공사,B,부산청,Z1,기타,경상북도 경산시,Z1,기타,01,2007-03-14,2013-07-23,20130723,1,완료공사,102,하천,경산북도 경산시 하양읍~대구광역시 수성구
233,6048300784,C2022017,C2022015,금호강 고모지구 하천환경정비사업,B,부산청,A1,한강,대구광역시 수성구,A1,한강,01,2022-03-28,2025-03-11,20250311,0,진행공사,102,하천,~
234,6048300784,C2005042,C2005046,금호강 금호동지구 하천개수공사,B,부산청,Z1,기타,대구광역시 동구,Z1,기타,01,2005-12-27,2012-12-24,20121224,1,완료공사,102,하천,대구시 동구 사복동~대구시 달서구 대천동
235,6048300784,C2004078,C2004078,금호강 금호지구 하천개수공사,B,부산청,Z1,기타,대구광역시 북구,Z1,기타,01,2004-12-21,2010-12-17,20101219,1,완료공사,102,하천,동촌제~서변제
236,6048300784,C2020023,C2020018,금호강 금호지구 하천환경정비사업,B,부산청,B1,낙동강,경상북도 영천시,B1,낙동강,01,2020-07-27,2023-07-11,20230711,0,진행공사,102,하천,경상북도 영천시 도남동~경상북도 영천시 금호읍 황정리 일원
237,6048300784,C2022014,C2022014,금호강 동변지구 하천환경정비사업,B,부산청,A1,한강,,A1,한강,01,,,,0,진행공사,102,하천,~
238,6048300784,C2004009,C2004009,금호강 신월제 하천개수공사,B,부산청,Z1,기타,경상북도 영천시,B1,낙동강,03,2004-05-06,2006-04-25,20060425,1,완료공사,102,하천,~
239,6048300784,C2005048,C2005052,금호강 영천지구 하천개수공사,B,부산청,Z1,기타,경상북도 영천시,Z1,기타,01,2005-12-27,2012-12-30,20121230,1,완료공사,102,하천,영천시 조교동~영천시 금호읍 황정리
240,6048300784,C2004008,C2004008,금호강 은호제 하천개수공사,B,부산청,Z1,기타,경상북도 경산시,B1,낙동강,03,2004-05-03,2005-05-20,20050520,1,완료공사,102,하천,~
241,6048300784,C2003019,C2003019,금호강박곡제 하천개수공사,B,부산청,B1,낙동강,대구광역시 달성군,B1,낙동강,01,2003-05-06,2008-12-31,20081231,1,완료공사,102,하천,~
242,6048300784,C2013942,C2013941,기계-안동4 국도건설공사,B,부산청,035,국도 35호선(부산 ~ 강릉),경상북도 안동시,A,일반국도,01,2013-03-25,2018-06-10,20180610,1,완료공사,101,도로,안동시 길안면 천지리~안동시 임하면 오대리
243,1108300348,C2003107,C2003107,기산 신왕제 개수공사,S,서울청,Z1,기타,,Z1,기타,03,2003-06-26,2005-12-31,20051231,1,완료공사,102,하천,~
244,6048300784,C2003007,C2003007,기성-원남 국도건설공사,B,부산청,007,국도 7호선(부산 ~ 온성 (간성)),경상북도 울진군,A,일반국도,01,2003-10-30,2010-12-31,20101231,1,완료공사,101,도로,경북 울진군 기성면 정명리~경북울진군 원남면 덕신리
245,6048300784,C2007036,C2007037,기장 - 장안 국도건설공사,B,부산청,001,국도 1호선(목포 ~ 신의주(판문점)),부산광역시 기장군,A,일반국도,00,2007-04-09,2014-12-31,20141231,1,완료공사,101,도로,부산시 기장군 기장읍 교리~부산시 기장군 장안읍 임랑리
246,4038301161,C2009070,C2009082,김제시관내 국도대체우회도로(흥사-연정)건설공사,I,익산청,023,국도 23호선(강진 ~ 천안),전라북도 김제시,D,국도대체우회도로,미등록,2009-06-29,2021-12-31,20201231,1,완료공사,101,도로,전북 김제시 연정동~전북 김제시 흥사동
247,6048300784,C2007040,C2007041,김천-교리1 국도건설공사,B,부산청,001,국도 1호선(목포 ~ 신의주(판문점)),경상북도 김천시,A,일반국도,00,2007-05-21,2015-12-31,20151231,1,완료공사,101,도로,경북 김천시 지례면 신평리~경북 김천시 구성면 운동리
248,6048300784,C2007043,C2007044,김천-교리2 국도건설공사,B,부산청,003,국도 3호선(남해 ~ 초산 (철원)),경상북도 김천시,A,일반국도,00,2007-06-08,2015-12-31,20151231,1,완료공사,101,도로,김천시 구성면 운동리~김천시 구성면 하강리
249,6048300784,C2018036,C2018037,김천-구미 국도건설공사,B,부산청,059,국도 59호선(광양 ~ 하동),경상북도 김천시,A,일반국도,01,2018-11-20,2023-10-24,20231024,0,진행공사,101,도로,경상북도 김천시 대광동~경상북도 구미시 선산읍 이문리
250,6048300784,C2002007,C2002007,김천-남면 국도 확장공사,B,부산청,004,국도 4호선(군산 ~ 경주),경상북도 김천시,B,지역간선,10,2002-11-01,2008-12-23,20081223,1,완료공사,101,도로,경북 김천시 덕곡동~경북 김천시 남면 송곡리
251,6048300784,C2003008,C2003008,김천-어모 국도 확장공사,B,부산청,003,국도 3호선(남해 ~ 초산 (철원)),경상북도 김천시,A,일반국도,01,2003-09-19,2011-04-28,20110428,1,완료공사,101,도로,경북 김천시 어모면~경북 상주시 공성면
252,6048300784,C2004073,C2004073,김천시 관내 국도대체 우회도로(양천-월곡)건설공사,B,부산청,003,국도 3호선(남해 ~ 초산 (철원)),경상북도 김천시,D,국도대체우회도로,00,2004-11-08,2012-12-31,20121231,1,완료공사,101,도로,경상북도 김천시 양천동~경상북도 김천시 농소면 월곡리
253,6048300784,C2016026,C2016023,김천시 국도대체우회도로(옥률-대룡) 건설공사,B,부산청,003,국도 3호선(남해 ~ 초산 (철원)),경상북도 김천시,A,일반국도,01,2016-07-26,2023-06-19,20230619,0,진행공사,101,도로,경상북도 김천시 어모면 옥률리~경상북도 김천시 대항면 대룡리
254,6048300784,C2002014,C2002014,김천시관내 국도대체 우회도로(농소-어모) 건설공사,B,부산청,003,국도 3호선(남해 ~ 초산 (철원)),경상북도 김천시,D,국도대체우회도로,00,2002-10-31,2013-12-19,20131219,1,완료공사,101,도로,경상북도 김천시 농소면 월곡리~경상북도 김천시 어모면 옥률동
255,1108300348,C2019017,C2019018,김포 누산IC-제촌IC 도로확장공사,S,서울청,048,국도 48호선(강화 ~ 서울),경기도 김포시,A,일반국도,01,2019-07-09,2023-06-17,20230617,0,진행공사,101,도로,김포시 양촌읍 누산리~김포시 양촌읍 석모리
256,1108300348,C2002062,C2002062,김포우회도로개설공사,S,서울청,048,국도 48호선(강화 ~ 서울),경기도 김포시,B,지역간선,09,2000-01-27,2006-12-31,20061231,1,완료공사,101,도로,경기도 김포시 장기동~경기도 김포시 고촌면 향산리
257,1108300348,C2004046,C2004046,김포제 개수공사,S,서울청,A1,한강,경기도 김포시,A1,한강,01,2004-10-04,2009-12-31,20091231,1,완료공사,102,하천,~
258,6048300784,C2008008,C2008008,김해시관내 국도대체우회도로(무계-삼계)건설공사,B,부산청,058,국도 58호선,경상남도 김해시,D,국도대체우회도로,미등록,2008-03-24,2024-12-31,20241231,0,진행공사,101,도로,진해~청도
259,2248301909,C2005086,C2005090,김화남대천 축제공사,W,원주청,Z1,기타,강원도 철원군,A1,한강,03,2005-11-21,2007-11-20,20071120,1,완료공사,102,하천,~
260,2248301909,C2004053,C2004053,김화우회(A)도로건설공사,W,원주청,056,국도 56호선(철원 ~ 양양),강원도 철원군,A,일반국도,00,2004-12-24,2010-11-17,20101117,1,완료공사,101,도로,철원군김화읍학사리~철원군근남면사곡리
261,2248301909,C2007001,C2007001,나전-진부 수해복구공사,W,원주청,059,국도 59호선(광양 ~ 하동),강원도 정선군,A,일반국도,미등록,2006-11-01,2007-12-01,20071201,1,완료공사,101,도로,나전~진부
262,4038301161,C2018013,C2018009,나주 동강-함평 학교 도로시설개량공사 사업관리용역,I,익산청,023,국도 23호선(강진 ~ 천안),전라남도 나주시,A,일반국도,01,2018-03-29,2023-03-02,20181231,0,진행공사,101,도로,전라남도 나주시 동강면 월양리 260~전라남도 함평군 학교면 곡창리 산 108-7
263,4038301161,C2008005,C2008005,나주-동강 도로확장공사,I,익산청,023,국도 23호선(강진 ~ 천안),전라남도 나주시,A,일반국도,00,2008-04-01,2016-06-28,20160628,1,완료공사,101,도로,나주시 동강면 진천리~나주시 동수동
264,4038301161,C2001018,C2001018,나주시관내 국도대체 우회도로(왕곡-금천)건설공사,I,익산청,001,국도 1호선(목포 ~ 신의주(판문점)),전라남도 나주시,D,국도대체우회도로,00,2001-12-28,2012-11-01,20121101,1,완료공사,101,도로,나주시 왕곡면 장산리~나주시 금천면 석전리
265,4038301161,C2002045,C2002045,나주시관내 국도대체우회도로(다시-왕곡)건설공사,I,익산청,001,국도 1호선(목포 ~ 신의주(판문점)),전라남도 나주시,D,국도대체우회도로,00,2002-11-28,2014-12-31,20141231,1,완료공사,101,도로,전남 나주시 다시면 월태리~전남 나주시 왕곡면 장산리
266,6048300784,C2004163,C2004174,낙동강 갈전지구 하천개수공사,B,부산청,B1,낙동강,경상남도 창원시,B1,낙동강,01,2004-12-22,2012-05-30,20120530,1,완료공사,102,하천,경남 창원시 북면 외산리~경남 김해시 한림면 가동리
267,6048300784,C2004172,C2004183,낙동강 고령지구 하천개수공사,B,부산청,B1,낙동강,대구광역시 달성군,B1,낙동강,01,2004-12-21,2011-12-31,20111231,1,완료공사,102,하천,송곡1제~도동제
268,6048300784,C2007071,C2007080,낙동강 고아지구 하천개수공사,B,부산청,B1,낙동강,경상북도 구미시,B1,낙동강,01,2007-02-14,2012-05-09,20120509,1,완료공사,102,하천,고아읍 횡산리~고아읍 항곡리
269,6048300784,C2005046,C2005050,낙동강 내성지구 하천개수공사,B,부산청,B1,낙동강,경상북도 예천군,B1,낙동강,01,2005-12-27,2011-12-25,20111225,1,완료공사,102,하천,경북 안동시 풍산읍 하리리~경북 예천군 풍양면 효갈리
270,6048300784,C2002016,C2002016,낙동강 다산제 하천개수공사,B,부산청,B1,낙동강,,B1,낙동강,01,2002-09-06,2004-12-27,20041227,1,완료공사,102,하천,~
271,6048300784,C2004079,C2004079,낙동강 다산지구 하천개수공사,B,부산청,B1,낙동강,경상북도 고령군,B1,낙동강,01,2004-12-28,2012-06-26,20120701,1,완료공사,102,하천,경북 고령군 다산면~대구 달성군 화원읍
272,6048300784,C2004162,C2004173,낙동강 대곡지구 하천개수공사,B,부산청,B1,낙동강,경상남도 창녕군,B1,낙동강,01,2004-12-22,2011-11-15,20111115,1,완료공사,102,하천,등림제~노리제
273,6048300784,C2004082,C2004082,낙동강 대동지구 하천개수공사,B,부산청,B1,낙동강,경상남도 김해시,B1,낙동강,01,2004-12-23,2011-12-06,20111206,1,완료공사,102,하천,~
274,6048300784,C2022007,C2022003,낙동강 등 19개 국가하천 실시간 모니터링 체계 구축사업,B,부산청,B1,낙동강,,B1,낙동강,01,,,,0,진행공사,102,하천,~
275,6048300784,C2004084,C2004084,낙동강 밀성지구 하천개수공사,B,부산청,B1,낙동강,경상남도 밀양시,B1,낙동강,01,2004-12-23,2011-10-13,20111013,1,완료공사,102,하천,~
276,6048300784,C2010038,C2010129,낙동강 살리기 13공구사업,B,부산청,B1,낙동강,경상남도 김해시,B1,낙동강,01,2010-04-19,2011-12-31,20111231,1,완료공사,102,하천,경남 김해 생림 마사리~경남 김해 생림 안양리
277,6048300784,C2010044,C2010123,"낙동강 살리기 8공구(양산3,김해4지구)사업",B,부산청,Z1,기타,경상남도 김해시,B1,낙동강,01,2010-05-06,2012-06-30,20120630,1,완료공사,102,하천,경남 김해시 상동면 매리~경남 김해시 상동면 감노리
278,6048300784,C2009023,C2009034,낙동강 살리기 구미지구 생태하천조성사업,B,부산청,B1,낙동강,경상북도 구미시,B1,낙동강,01,2009-03-13,2012-05-07,20120507,1,완료공사,102,하천,경북 구미시 고아읍 괴평리~경북 구미시 지산동
279,6048300784,C2009020,C2009031,낙동강 살리기 상주지구 생태하천 조성사업,B,부산청,B1,낙동강,경상북도 상주시,B1,낙동강,01,2009-03-02,2011-12-31,20111231,1,완료공사,102,하천,경북 상주시 도남동~중동면 회상리
280,6048300784,C2009030,C2009042,낙동강 살리기 양산1지구 하천정비사업,B,부산청,B1,낙동강,경상남도 양산시,B1,낙동강,01,2009-04-06,2012-07-11,20120711,1,완료공사,102,하천,경남양산시물금읍물금리~경남양산시물금읍증산리
281,6048300784,C2009025,C2009036,낙동강 살리기 우곡지구 하천개수사업,B,부산청,B1,낙동강,경상북도 고령군,B1,낙동강,01,2009-02-26,2012-02-11,20120211,1,완료공사,102,하천,고령군 우곡면 연리~고령군 우곡면 객기리
282,6048300784,C2009031,C2009043,낙동강 살리기 장포제 하천개수사업,B,부산청,B1,낙동강,경상남도 함안군,B1,낙동강,01,2009-02-23,2014-01-28,20140128,1,완료공사,102,하천,함안군 대산면 장암~함안군 대산면 장암
283,6048300784,C2009107,C2009120,낙동강 살리기16공구(밀양5.창원1지구)사업,B,부산청,B1,낙동강,경상남도 밀양시,B1,낙동강,01,2009-11-20,2012-06-30,20120630,1,완료공사,102,하천,밀양시 하남읍 일원~창원시 대산면 일원
284,6048300784,C2004086,C2004086,낙동강 상주지구 하천개수공사,B,부산청,B1,낙동강,경상북도 상주시,B1,낙동강,01,2004-12-28,2012-03-02,20120302,1,완료공사,102,하천,경북 상주시 사벌면 퇴강리 일원~경북 상주시 낙동면 낙동리 일원
285,6048300784,C2004088,C2004088,낙동강 성주지구 하천개수공사,B,부산청,B1,낙동강,대구광역시 달성군,B1,낙동강,01,2004-12-21,2012-01-30,20120130,1,완료공사,102,하천,대구 달성군 논공읍~경북 성주군 선남면
286,6048300784,C2004081,C2004081,낙동강 수계치수사업 진례제 하천개수공사,B,부산청,B1,낙동강,경상남도 김해시,B1,낙동강,01,2004-07-01,2007-06-15,20070615,1,완료공사,102,하천,~
287,6048300784,C2005047,C2005051,낙동강 안동지구 하천개수공사,B,부산청,B1,낙동강,경상북도 안동시,B1,낙동강,01,2005-12-27,2012-07-31,20120630,1,완료공사,102,하천,경북 안동시 수상동~경북 안동시 풍천면
288,6048300784,C2004092,C2004092,낙동강 예천지구 하천개수공사,B,부산청,B1,낙동강,경상북도 예천군,B1,낙동강,01,2004-12-21,2011-12-14,20111214,1,완료공사,102,하천,지보제~하풍제
289,6048300784,C2004093,C2004093,낙동강 옥성지구 하천개수공사,B,부산청,B1,낙동강,경상북도 구미시,B1,낙동강,01,2004-12-21,2011-12-31,20111231,1,완료공사,102,하천,구미시 도개면 가산리~구미시 해평면 산양리
290,6048300784,C2003031,C2003031,낙동강 옥포제 하천개수공사,B,부산청,B1,낙동강,대구광역시 달성군,B1,낙동강,01,2003-05-06,2007-12-30,20071230,1,완료공사,102,하천,~
291,6048300784,C2021004,C2021005,낙동강 용상지구외 1개지구 수해복구공사,B,부산청,B1,낙동강,,B1,낙동강,01,2020-12-23,2022-01-16,20220116,1,완료공사,102,하천,~
292,6048300784,C2003145,C2003145,낙동강 율지지구 하천개수공사,B,부산청,B1,낙동강,경상남도 합천군,B1,낙동강,01,2003-12-31,2009-02-08,20090208,1,완료공사,102,하천,~
293,6048300784,C2021008,C2020041,낙동강 장천제 외 2개소 수해복구공사,B,부산청,B1,낙동강,경상남도 창녕군,B1,낙동강,01,2020-12-28,2021-12-27,20220121,1,완료공사,102,하천,경납 창녕군 이방면 등림리~
294,6048300784,C2003022,C2003022,낙동강 정곡지구 하천개수공사,B,부산청,B1,낙동강,경상남도 의령군,B1,낙동강,03,2003-12-29,2007-12-07,20071207,1,완료공사,102,하천,~
295,6048300784,C2005049,C2005054,낙동강 칠곡지구 하천개수공사,B,부산청,Z1,기타,경상북도 칠곡군,B1,낙동강,01,2005-12-27,2012-08-31,20120831,1,완료공사,102,하천,경북 칠곡군 기산면 죽전리~경북 영천시 금호읍
296,6048300784,C2005051,C2005055,낙동강 풍천지구 하천개수공사,B,부산청,B1,낙동강,경상북도 안동시,B1,낙동강,01,2005-12-27,2012-03-30,20120330,1,완료공사,102,하천,경북 안동시 풍산읍 계평리~경북 안동시 풍천면 기산리
297,6048300784,C2004161,C2004172,낙동강 하남지구 하천개수공사,B,부산청,B1,낙동강,경상남도 밀양시,B1,낙동강,01,2004-12-23,2011-11-16,20111116,1,완료공사,102,하천,초동2제~하남제(하류)
298,6048300784,C2022013,C2022023,낙동강(하구-밀양강합류점)외 9개 국가하천 실시간 모니터링 체계 구축사업,B,부산청,B1,낙동강,,B1,낙동강,01,,,,0,진행공사,102,하천,~
299,6048300784,C2004080,C2004080,낙동강달성지구하천개수공사,B,부산청,B1,낙동강,대구광역시 달성군,B1,낙동강,01,2004-12-21,2012-05-31,20120531,1,완료공사,102,하천,대구광역시 달성군~대구광역시 달성군
300,6048300784,C2010045,C2010121,낙동강살리기 10공구(양산5.김해6지구)사업,B,부산청,B1,낙동강,경상남도 양산시,B1,낙동강,01,2010-05-10,2012-06-30,20120630,1,완료공사,102,하천,"(좌안)경남 양산시 원동면 원리, (우안)경남 김해시 상동면 감노리~(좌안)경남 양산시 원동면 용당리, (우안)경남 김해시 상동면 여차리"
