순번,발주청사업자등록번호,현장번호,공사번호,공사명,기관코드,기관코드명,노선(하천)코드,노선(하천)명,행정구역명,사업종류코드,사업종류명,사업종류차수,착공일자,준공일자,준공예정일자,"준공여부(0:진행,1:준공)","준공여부명(0:진행,1:준공)",사업분야코드,사업분야명,공사구간
701,2248301909,C2004156,C2004157,소양 서천지구 기존제방보강공사,W,원주청,A1,한강,강원도 춘천시,Z1,기타,01,2004-12-23,2007-12-22,20071222,1,완료공사,102,하천,~
702,2248301909,C2015015,C2015027,소양강 신북지구 하천환경정비사업,W,원주청,Z1,기타,강원도 춘천시,A1,한강,01,2015-03-13,2019-12-05,20191231,1,완료공사,102,하천,춘천시 신북읍 천전리~춘천시 동면 지내리
703,2248301909,C2016010,C2016011,소양강 인제지구 하천환경정비사업,W,원주청,Z1,기타,강원도 인제군,Z1,기타,01,2016-03-08,2017-12-31,20171231,1,완료공사,102,하천,인제읍 합강리~인제읍 남북리
704,2248301909,C2007075,C2007084,소양강 하천환경정비공사,W,원주청,A1,한강,강원도 춘천시,A1,한강,01,2007-12-31,2014-02-18,20140218,1,완료공사,102,하천,소양 6교~소양 1교
705,2248301909,C2006047,D2006063,소양강(지내천) 수해복구공사,W,원주청,,,강원도 강릉시,미등록,,미등록,2006-12-13,2007-12-31,20071231,1,완료공사,102,하천,~
706,4038301161,C2012036,C2012030,소양천 상운지구 하천환경정비공사,I,익산청,H1,만경강,전라북도 완주군,H1,만경강,01,2011-12-27,2015-12-29,20161129,1,완료공사,102,하천,구억리~상운리
707,6048300784,C2007034,C2007035,소천-도계 1공구 국도건설공사,B,부산청,067,국도 67호선(칠곡 ~ 구미),경상북도 봉화군,A,일반국도,01,2007-05-14,2018-10-07,20180407,1,완료공사,101,도로,소천면 현동리~소천면 고선리
708,6048300784,C2007042,C2007043,소천-도계2 국도건설공사,B,부산청,035,국도 35호선(부산 ~ 강릉),경상북도 봉화군,A,일반국도,00,2007-05-14,2018-03-27,20180327,1,완료공사,101,도로,경북 봉화군 소천면~강원도 태백시 장성동
709,6048300784,C2009044,C2009058,소천-서면1 국도건설공사,B,부산청,036,국도 36호선(대천 ~ 울진),경상북도 봉화군,A,일반국도,00,2009-02-23,2016-07-17,20160717,1,완료공사,101,도로,경북 봉화군 소천면 현동리~경북 울진군 서면 광회리
710,6048300784,C2009043,C2009057,소천-서면2 국도건설공사,B,부산청,036,국도 36호선(대천 ~ 울진),경상북도 울진군,A,일반국도,00,2009-02-23,2016-04-12,20151231,1,완료공사,101,도로,경북 울진군 서면 광회리~경북 울진군 서면 쌍전리
711,6048300784,C2009049,C2009065,소천-서면3 국도건설공사,B,부산청,036,국도 36호선(대천 ~ 울진),경상북도 울진군,A,일반국도,00,2009-02-23,2016-03-31,20160331,1,완료공사,101,도로,경북 울진군 서면 쌍전리~경북 울진군 서면 삼근리
712,2248301909,C2005092,C2005095,속사1제 축제공사,W,원주청,A1,한강,강원도 평창군,A1,한강,03,2005-12-21,2010-12-01,20101231,1,완료공사,102,하천,평창군 용평면 장평리~용평면 용전리
713,2248301909,C2005093,C2005096,속사2제 축제공사,W,원주청,A1,한강,강원도 평창군,A1,한강,03,2005-12-21,2010-06-29,20100629,1,완료공사,102,하천,평창군 용평면 속사리~평창군 용평면 이목정리
714,2248301909,C2006042,C2006044,속사제 수해복구공사,W,원주청,,,강원도 강릉시,미등록,,미등록,2006-12-13,2007-12-31,20071231,1,완료공사,102,하천,~
715,4038301161,C2011022,C2011008,송정-마산 도로건설공사,I,익산청,024,국도 24호선(신안 ~ 울산),전라남도 무안군,A,일반국도,01,2011-01-28,2018-03-28,20180401,1,완료공사,101,도로,전남 무안군 현경면 마산리~전남 무안군 현경면 송정리
716,1108300348,C2011013,C2011006,수도권 복합물류터미널확장 진입도로 건설공사,S,서울청,047,국도 47호선(화성 ~ 철원),경기도 군포시,F,기타,00,2010-02-17,2019-01-20,20190120,1,완료공사,101,도로,경기도 군포시 부곡동~경기도 의왕시 이동
717,6048300784,C2000005,C2000005,수동-안의 도로4차로 확장 및 포장공사,B,부산청,003,국도 3호선(남해 ~ 초산 (철원)),경상남도 함양군,A,일반국도,01,2000-12-30,2011-03-14,20111231,1,완료공사,101,도로,경남 함양군 수동면 화산리~경남 함양군 안의면 석천리
718,4038301161,C2002050,C2002050,수문우회도로 건설공사,I,익산청,018,국도 18호선(진도 ~ 구례),전라남도 장흥군,B,지역간선,09,2002-12-30,2008-03-12,20080312,1,완료공사,101,도로,전남 장흥군 안양면 사촌리~전남 보성군 회천면 전일리
719,3068301763,C2004011,C2004011,수안보I.C-수안보 도로건설공사,D,대전청,019,국도 19호선(남해 ~ 원주),충청북도 충주시,C,산업지원국도,00,2001-01-12,2010-12-26,20101226,1,완료공사,101,도로,충북 괴산군 장연면 방곡리~충북 충주시 살미면 세성리
720,6048300784,C2022025,C2021039,수영강 회동지구 하천환경정비사업,B,부산청,Z1,기타,,Z1,기타,미등록,,,,0,진행공사,102,하천,~
721,1108300348,C2004037,C2004037,수원시관내(분천-송산)국도대체우회도로건설공사,S,서울청,043,국도 43호선(연기 ~ 고성),경기도 화성시,D,국도대체우회도로,00,2004-11-17,2015-12-31,20151231,1,완료공사,101,도로,화성시 봉담읍 왕림리~화성시 안녕동
722,1108300348,C2004040,C2004040,수원시관내(송산-진안) 국도대체우회도로 건설공사,S,서울청,043,국도 43호선(연기 ~ 고성),경기도 화성시,D,국도대체우회도로,00,2004-12-30,2013-12-07,20131031,1,완료공사,101,도로,경기도화성시안녕동~경기도화성시진안동
723,4038301161,C2015005,C2015018,순창 쌍치지내 도로건설공사,I,익산청,021,국도 21호선(전주 ~ 이천),전라북도 순창군,A,일반국도,01,2015-02-13,2020-01-17,20200117,1,완료공사,101,도로,   전라북도 순창군 쌍치면 금평리~전라북도 순창군 쌍치면 신성리
724,4038301161,C2004099,C2004099,순창-운암(1공구) 도로확장공사,I,익산청,027,국도 27호선(고흥 ~ 군산),전라북도 임실군,A,일반국도,00,2004-10-29,2012-10-28,20121028,1,완료공사,101,도로,전북 순창군 인계면 도룡리~전북 임실군 덕치면 물우리
725,4038301161,C2004100,C2004100,순창-운암(2공구) 도로확장공사,I,익산청,027,국도 27호선(고흥 ~ 군산),전라북도 임실군,A,일반국도,00,2004-10-29,2015-12-28,20151228,1,완료공사,101,도로,전북 임실군 덕치면 일중리~임실군 강진면 학석리
726,4038301161,C2004019,C2004019,순창-운암(3공구) 도로확장공사,I,익산청,027,국도 27호선(고흥 ~ 군산),전라북도 임실군,A,일반국도,01,2004-04-08,2012-07-03,20120630,1,완료공사,101,도로,전북 임실군 강진면 학석리~전북 임실군 운암면 운종리
727,4038301161,C2004021,C2004021,순창-운암(4공구)도로 확장공사,I,익산청,027,국도 27호선(고흥 ~ 군산),전라북도 완주군,A,일반국도,01,2004-08-16,2011-11-04,20111104,1,완료공사,101,도로,전북 임실군 운암면 운종리~전북 완주군 구이면 백여리
728,4038301161,C2003068,C2003068,순창IC-주산리 도로확장 공사,I,익산청,027,국도 27호선(고흥 ~ 군산),전라북도 순창군,A,일반국도,01,2003-09-01,2012-03-30,20120330,1,완료공사,101,도로,전북 순창군 순창읍 가남리~전남 곡성군 옥과면 주산리
729,4038301161,C2002071,C2002072,순창적성우회도로건설공사,I,익산청,024,국도 24호선(신안 ~ 울산),전라북도 순창군,A,일반국도,00,2000-12-26,2005-12-31,20051231,1,완료공사,101,도로,전북 순창군~전북 순창군 적성면
730,4038301161,C2019014,C2019019,순천 벌교-주암(3-1공구)도로확장공사,I,익산청,027,국도 27호선(고흥 ~ 군산),전라남도 순천시,A,일반국도,01,2019-06-19,2027-06-16,20270616,0,진행공사,101,도로,전남 순천시 송광면 이읍리~전남 순천시 송광면 신평리
731,4038301161,C2019015,C2019020,순천 벌교-주암(3-2공구) 도로확장공사,I,익산청,018,국도 18호선(진도 ~ 구례),전라남도 순천시,A,일반국도,01,2019-06-18,2027-06-15,20270615,0,진행공사,101,도로,전라남도 순천시 송광면 신평리~전라남도 순천시 주암면 요곡리
732,4038301161,C1997016,C1997016,순천시관내 국도대체 우회도로(중흥-왕지) 건설공사,I,익산청,017,국도 17호선(여천 ~ 용인),전라남도 순천시,D,국도대체우회도로,00,1997-12-31,2010-09-30,20100930,1,완료공사,101,도로,전남 순천시 해룡면 선월리~전남 순천시 서면 가곡동
733,4038301161,C2009097,C2009111,승주 우회도로 건설공사,I,익산청,022,국도 22호선(정읍 ~ 순천),전라남도 순천시,D,국도대체우회도로,미등록,2009-12-21,2017-11-08,20171108,1,완료공사,101,도로,전남 순천시 승주읍 신전리~전남 순천시 서면 학구리
734,2248301909,C1998017,C1998017,시곡-연당간 도로확장 및 포장공사,W,원주청,038,국도 38호선(서산 ~ 동해),충청북도 제천시,B,지역간선,07,1998-08-12,2004-12-27,20041227,1,완료공사,101,도로,시곡~연당
735,1108300348,C2008006,C2008006,신갈우회도로건설공사,S,서울청,042,국도 42호선(인천 ~ 동해),경기도 용인시,A,일반국도,00,2008-03-26,2018-12-31,20181231,1,완료공사,101,도로,용인시 기흥구 영덕동~용인시 기흥구 상하동
736,2248301909,C2007019,C2007016,신기-미로 도로건설공사,W,원주청,038,국도 38호선(서산 ~ 동해),강원도 삼척시,B,지역간선,05,2007-02-21,2021-12-31,20181231,1,완료공사,101,도로,강원도 삼척시 신기면 안의리~강원도 삼척시 미로면 하정리
737,2248301909,C2003114,C2003114,신동-가사 도로건설공사,W,원주청,038,국도 38호선(서산 ~ 동해),강원도 정선군,C,산업지원국도,00,2003-10-17,2008-12-12,20081212,1,완료공사,101,도로,정선군 신동읍 예미리~정선군 신동읍 가사리
738,2248301909,C2003141,C2003141,신동-문곡1,W,원주청,038,국도 38호선(서산 ~ 동해),강원도 태백시,A,일반국도,미등록,2003-10-01,2008-12-31,20081231,1,완료공사,101,도로,신동~문곡
739,6048300784,C2006007,C2006007,신령-고노외 1개구간(영천삼창) 국도건설공사,B,부산청,028,국도 28호선(영주 ~ 포항),경상북도 영천시,A,일반국도,01,2006-02-04,2012-01-08,20120108,1,완료공사,101,도로,영천시 신령면 화남리~군위군 고노면 화수리
740,6048300784,C2002008,C2002008,신령-영천(1공구) 국도 확장공사,B,부산청,028,국도 28호선(영주 ~ 포항),경상북도 영천시,A,일반국도,01,2002-11-04,2011-12-31,20111231,1,완료공사,101,도로,경북 영천시 신령면 화남리~경북 영천시 화산면 덕암리
741,6048300784,C2002010,C2002010,신령-영천(2공구) 국도확장공사,B,부산청,028,국도 28호선(영주 ~ 포항),경상북도 영천시,A,일반국도,01,2002-11-01,2011-12-31,20120126,1,완료공사,101,도로,경북 영천시 화산면 덕암리~경북 영천시 서산동
742,2248301909,C2004145,C2004146,신북-북산,W,원주청,046,국도 46호선(인천 ~ 고성),경기도 포천시,A,일반국도,미등록,2004-02-16,2012-12-31,20121231,1,완료공사,101,도로,춘천시 신북읍~화천군 간동면
743,2248301909,T2004001,C2004137,신북-북산(배후령) 국도개량공사,W,원주청,046,국도 46호선(인천 ~ 고성),강원도 춘천시,B,지역간선,00,2004-02-16,2012-12-30,20121230,1,완료공사,101,도로,춘천시 신북읍 발산리~화천군 간동면 간척리
744,2248301909,C2003143,C2003143,신북-신죽,W,원주청,031,국도 31호선(부산 ~ 신고산),강원도 춘천시,A,일반국도,미등록,2003-06-04,2006-12-19,20061219,1,완료공사,101,도로,춘천시 신북읍~신죽
745,2248301909,C1999033,C1999033,신북-양구(수인리구간)간 국도개량공사,W,원주청,046,국도 46호선(인천 ~ 고성),강원도 춘천시,B,지역간선,08,1999-11-17,2005-01-21,20050121,1,완료공사,101,도로,신북~양구
746,4038301161,C2020028,C2020025,신안 압해-송공 도로시설개량공사,I,익산청,002,국도 2호선(목포 ~ 부산),전라남도 신안군,A,일반국도,00,2020-06-15,2025-05-19,20250519,0,진행공사,101,도로,전라남도 신안군 압해로 1569~전라남도 신안군 압해읍 동서리 147-2
747,4038301161,C2021021,C2021019,신안 압해-화원(1공구) 도로건설공사,I,익산청,077,국도 77호선(부산 ~ 인천),전라남도 해남군,A,일반국도,01,2021-04-30,2027-03-29,20270329,0,진행공사,101,도로,전라남도 해남군 화원면 매월리~전라남도 목포시 달동
748,4038301161,C2021017,C2021020,신안 압해-화원(2공구) 도로건설공사,I,익산청,077,국도 77호선(부산 ~ 인천),전라남도 목포시,A,일반국도,01,2021-04-30,2027-03-29,20270329,0,진행공사,101,도로,전남 목포시 달동~전남 신안군 압해읍 신장리
749,3068301763,C2001031,C2001032,신양우회도로 신축 및 포장공사,D,대전청,032,국도 32호선(서산 ~ 대전),충청남도 예산군,A,일반국도,01,2001-05-02,2005-12-31,20051231,1,완료공사,101,도로,충청남도 예산군 신양면~충청남도 예산군 신양면
750,4038301161,C2018016,C2018016,신장-복용 도로시설개량공사,I,익산청,002,국도 2호선(목포 ~ 부산),전라남도 신안군,A,일반국도,00,2018-03-19,2023-10-31,20230220,0,진행공사,101,도로,전라남도 신안군 압해읍 신장리~전라남도 신안군 압해읍 복용리
751,4038301161,C2010047,C2010146,신지-고금 도로건설공사,I,익산청,077,국도 77호선(부산 ~ 인천),전라남도 완도군,A,일반국도,00,2010-12-20,2017-11-12,20171112,1,완료공사,101,도로,고금면 상정리~신지면 송곡리
752,1108300348,C2020007,C2020006,신천 고향의강 정비사업,S,서울청,Z1,기타,경기도 동두천시,Z1,기타,미등록,2017-10-16,2021-12-31,20210418,1,완료공사,102,하천,경기도 동두천시 상봉암동 111-1~경기도 동두천시 하봉암동 91-12
753,1108300348,C2020005,C2020005,신천 하천환경정비사업,S,서울청,Z1,기타,경기도 동두천시,Z1,기타,미등록,2017-10-16,2021-10-14,20211014,1,완료공사,102,하천,경기도 동두천시 상봉암동~경기도 동두천시 생연동
754,4038301161,C2005067,C2005071,신태인-김제(임실청웅우회도로포함)도로확장공사,I,익산청,029,국도 29호선(보성 ~ 서산),전라북도 정읍시,A,일반국도,00,2005-12-30,2016-02-29,20160229,1,완료공사,101,도로,"전북 정읍시,전북 임실군~전북 김제시,전북 임실군"
755,3068301763,C1999027,C1999027,신평-합덕간 도로확장 및 포장공사,D,대전청,032,국도 32호선(서산 ~ 대전),충청남도 당진군,A,일반국도,01,1999-04-30,2005-12-31,20051231,1,완료공사,101,도로,충청남도 당진시 신평면~충청남도 당진시 신평면
756,3068301763,C2002021,C2002021,신풍-우성 도로건설공사,D,대전청,032,국도 32호선(서산 ~ 대전),충청남도 공주시,A,일반국도,00,2002-10-17,2011-12-30,20111230,1,완료공사,101,도로,충남 공주시 신풍면 산정리~충남 공주시 우성면 동대리
757,2248301909,C1999034,C1999034,싸릿재터널2차공사,W,원주청,038,국도 38호선(서산 ~ 동해),전라북도 무주군,B,지역간선,07,1999-06-01,2004-12-18,20041218,1,완료공사,101,도로,정선~정선
758,6048300784,C2006004,C2006006,쌍림-고령 국도건설공사,B,부산청,026,국도 26호선(군산 ~ 대구),경상북도 고령군,A,일반국도,01,2006-02-14,2017-09-30,20170930,1,완료공사,101,도로,경북 고령군 쌍림면 신곡리~경북 고령군 고령읍 고아리
759,6048300784,C2002001,C2002001,쌍백-합천 국도확장공사(국도33호선),B,부산청,033,국도 33호선(고성 ~ 구미),경상남도 합천군,B,지역간선,08,2002-10-31,2009-12-31,20091231,1,완료공사,101,도로,경남 합천군 쌍백면 장전리~경남 합천군 대양면 정양리
760,3068301763,C1999006,C1999006,아산-음봉간 도로확장 및 포장공사,D,대전청,045,국도 45호선(서산 ~ 가평),충청남도 아산시,A,일반국도,00,1999-02-08,2006-12-31,20061231,1,완료공사,101,도로,충청남도 아산시 염치읍 석정리~충청남도 아산시 음봉면 원남리
761,3068301763,C2007011,C2007009,아산-천안 도로건설공사,D,대전청,021,국도 21호선(전주 ~ 이천),충청남도 아산시,A,일반국도,미등록,2007-02-15,2013-12-19,20131219,1,완료공사,101,도로,충남 아산시 배방면 구령리~충남 천안시 동남구 신방동
762,3068301763,C1998007,C1998007,아산시 국도대체 우회도로(남동-행목)축조 및 포장공사,D,대전청,021,국도 21호선(전주 ~ 이천),충청남도 아산시,D,국도대체우회도로,00,1998-03-25,2006-02-14,20060214,1,완료공사,101,도로,충남 아산시 신창면 행목리~충남 아산시 배방면 남동
763,3068301763,C2002023,C2002023,아산시 국도대체 우회도로(행목-중방) 건설공사,D,대전청,045,국도 45호선(서산 ~ 가평),충청남도 아산시,D,국도대체우회도로,00,2002-12-31,2010-12-31,20101231,1,완료공사,101,도로,충남 아산시 염치읍 곡교리~충남 아산시 신창면 읍내리
764,3068301763,C2014021,C2014009,아산시 국도대체우회도로(염성-용두) 도로건설공사,D,대전청,039,국도 39호선(부여 ~ 의정부),충청남도 아산시,A,일반국도,01,2014-02-05,2020-12-29,20201229,1,완료공사,101,도로,충남 아산시 염치읍 방현리~충남 아산시 탕정면 용두리
765,6048300784,C2002012,C2002012,안동- 서후 국도확장공사,B,부산청,005,국도 5호선(마산 ~ 중강진(김화)),경상북도 안동시,A,일반국도,01,2002-11-01,2009-12-28,20091230,1,완료공사,101,도로,경북 안동시 송현동~경북 안동시 서후면 저전리
766,6048300784,C2005044,C2005049,안동-길안(도산.입암우회)국도건설공사,B,부산청,034,국도 34호선(당진 ~ 영덕),경상북도 안동시,A,일반국도,01,2006-02-27,2014-10-31,20141031,1,완료공사,101,도로,경북 안동시 남선면 이천리~경북 안동시 임하면 오대리
767,6048300784,C2017006,C2017006,안동-영덕 국도건설공사,B,부산청,034,국도 34호선(당진 ~ 영덕),경상북도 안동시,A,일반국도,01,2017-01-20,2023-12-14,20231214,0,진행공사,101,도로,경북 안동시 송천동~경북 영덕군 지품면 신양리
768,6048300784,C2009033,C2009045,안동2지구 생태하천 조성사업,B,부산청,Z1,기타,경상북도 안동시,Z1,기타,01,2008-12-29,2011-12-31,20111231,1,완료공사,102,하천,안동시 용상동(법흥교)~안동시 옥동(안동대교)
769,6048300784,C2000004,C2000004,안동시관내 국도대체우회도로(수상-신석)건설공사,B,부산청,034,국도 34호선(당진 ~ 영덕),경상북도 안동시,D,국도대체우회도로,00,2000-12-30,2011-01-14,20110114,1,완료공사,101,도로,경북 안동시 수상동~경북 안동시 남선면 신석리 일원
770,6048300784,C2001005,C2001005,안동시관내 국도대체우회도로(신석-용상) 건설공사,B,부산청,034,국도 34호선(당진 ~ 영덕),경상북도 안동시,D,국도대체우회도로,00,2001-12-29,2009-12-31,20091231,1,완료공사,101,도로,경북 안동시 용상동~경북 안동시 남선면 신석리
771,6048300784,C2018002,C2017060,안동시관내 국도대체우회도로(용상-교리1) 건설공사,B,부산청,034,국도 34호선(당진 ~ 영덕),경상북도 안동시,D,국도대체우회도로,미등록,2017-12-26,2024-11-18,20241118,0,진행공사,101,도로,경상북도 안동시 서후면 교리 506-1~경상북도 안동시 안막동 175-1
772,6048300784,C2018004,C2018001,안동시관내 국도대체우회도로(용상-교리2)건설공사,B,부산청,034,국도 34호선(당진 ~ 영덕),경상북도 안동시,D,국도대체우회도로,미등록,2018-01-10,2024-12-03,20241203,0,진행공사,101,도로,경상북도 안동시 안막동 1047~경상북도 안동시 용상동 1193
773,6048300784,C2007014,M2007001,안동시관내국도대체우회도로(교리-수상)건설공사,B,부산청,034,국도 34호선(당진 ~ 영덕),경상북도 안동시,D,국도대체우회도로,00,2007-03-20,2015-12-19,20151219,1,완료공사,101,도로,안동시 서후면 교리~안동시 수상동
774,1108300348,C2017024,C2017001,안성천 군문안성지구 하천환경정비사업,S,서울청,F1,안성천,경기도 평택시,F1,안성천,01,2017-04-04,2021-11-08,20211108,1,완료공사,102,하천,경기도 안성시 공도읍 신두리~경기도 평택시 고덕면 동고리
775,1108300348,C2008021,C2008021,안성천 생태하천(안성지구) 조성사업,S,서울청,F1,안성천,경기도 안성시,F1,안성천,01,2009-02-03,2012-12-18,20140108,1,완료공사,102,하천,경기도 안성시 대덕면 죽리 한천 합류점~경기도 평택시 유천동 경부선 철도교
776,1108300348,C2008022,C2008026,안성천 생태하천(평택지구)조성사업,S,서울청,F1,안성천,경기도 평택시,F1,안성천,01,2009-02-03,2012-12-31,20121231,1,완료공사,102,하천,안성천 NO.89~안성천 NO.138
777,1108300348,C2022005,C2022013,안성천 평택지구 하천환경정비사업,S,서울청,F1,안성천,,A1,한강,01,,,,0,진행공사,102,하천,~
778,1108300348,C2022016,C2022012,안성천(아산지구) 하천환경정비사업 건설사업관리용역,S,서울청,F1,안성천,강원도 강릉시,A1,한강,01,2022-03-15,2025-08-25,20240825,0,진행공사,102,하천,~
779,3068301763,C2005073,C2005077,안성천수계 안성지구 기성제 보강공사,D,대전청,F1,안성천,충청남도 아산시,F1,안성천,01,2005-12-27,2013-12-31,20131231,1,완료공사,102,하천,충남 아산시 인주면 공세리~충남 아산시 둔포면 신남리
780,3068301763,C2001015,C2001015,안성천수계 치수사업 성환제 개수공사,D,대전청,Z1,기타,,Z1,기타,03,2001-11-01,2004-12-31,20041231,1,완료공사,102,하천,~
781,1108300348,C2020012,C2020011,안양천 안양지구 하천환경정비사업,S,서울청,Z1,기타,경기도 안양시 만안구,Z1,기타,미등록,2020-04-08,2023-03-23,20230323,0,진행공사,102,하천,경기도 안양시 만안구 석수동 313-14~서울특별시 양천구 목동 914-3
782,1108300348,C2005057,C2005061,안양천(상류)하천환경정비사업,S,서울청,A1,한강,경기도 안양시 만안구,A1,한강,01,2005-12-05,2010-12-20,20101220,1,완료공사,102,하천,안양시 만안구 안양동 경부본선 철도교~안양시 만안구 석수동 기아대교(서울시계)
783,1108300348,C2009019,C2009030,안양천(하류)정비사업,S,서울청,A1,한강,서울특별시 금천구,Z1,기타,01,2009-02-23,2014-12-30,20141230,1,완료공사,102,하천,금천구 시흥동(기아대교)~강서구 염창동(한강 합류점)
784,6048300784,C2000003,C2000003,안의-마리 도로4차로 확장 및 포장공사,B,부산청,003,국도 3호선(남해 ~ 초산 (철원)),경상남도 함양군,A,일반국도,01,2000-12-29,2010-12-29,20111231,1,완료공사,101,도로,경남 함양군 안의면 석천리~경남 거창군 마리면 말흘리
785,4038301161,C2010040,C2010143,압해-암태(1공구) 도로건설공사,I,익산청,002,국도 2호선(목포 ~ 부산),전라남도 신안군,A,일반국도,01,2010-09-15,2019-03-19,20190319,1,완료공사,101,도로,신안군 암태면~신안군 압해읍
786,4038301161,C2010041,C2010144,압해-암태(2공구) 도로건설공사,I,익산청,002,국도 2호선(목포 ~ 부산),전라남도 신안군,A,일반국도,01,2018-01-18,2019-01-16,20190116,1,완료공사,101,도로,압해읍 송공리(해상)~압해읍 송공리(육상)
787,4038301161,C2003070,C2003070,압해-운남 도로확장공사,I,익산청,077,국도 77호선(부산 ~ 인천),전라남도 무안군,A,일반국도,00,2003-06-25,2013-12-31,20131231,1,완료공사,101,도로,전남 신안군 압해읍 복룡리~전남 무안군 운남면 연리
788,1108300348,C2004049,C2004049,야미제외 2개소 개수공사,S,서울청,R1,임진강,경기도 포천시,R1,임진강,03,2004-12-29,2006-12-28,20061228,1,완료공사,102,하천,~
789,4038301161,C2003071,C2003071,야은-원덕 도로확장공사,I,익산청,001,국도 1호선(목포 ~ 신의주(판문점)),전라남도 장성군,A,일반국도,01,2003-08-28,2015-12-21,20151221,1,완료공사,101,도로,전남 장성 장성 야은~전남 장성 북하 약수
790,2248301909,C2005060,C2005064,양구남면 우회도로(A.B) 건설공사,W,원주청,031,국도 31호선(부산 ~ 신고산),강원도 양구군,A,일반국도,01,2005-12-28,2015-05-28,20150528,1,완료공사,101,도로,강원도 양구군 남면 죽리~강원도 양구군 남면 가오작리
791,2248301909,C2012002,C2011033,양구서천 고대지구 하천환경정비사업,W,원주청,A1,한강,강원도 양구군,A1,한강,01,2011-12-27,2015-12-05,20151205,1,완료공사,102,하천,희망의다리~양구저류보
792,2248301909,C2012001,C2011034,양구서천 동수지구 하천환경정비사업,W,원주청,A1,한강,강원도 양구군,미등록,,미등록,2011-12-27,2016-10-24,20161024,1,완료공사,102,하천,양구군 양구읍 상리~양구군 양구읍 고대리
793,2248301909,C2020009,C2020010,양구서천 양구지구 하천환경정비사업,W,원주청,Z1,기타,강원도 양구군,Z1,기타,미등록,2020-01-10,2023-04-23,20200208,0,진행공사,102,하천,~
794,2248301909,C2001030,C2001029,양구읍(웅진리구간)지내 국도개량 건설공사,W,원주청,046,국도 46호선(인천 ~ 고성),강원도 양구군,A,일반국도,01,2001-08-30,2009-12-31,20091231,1,완료공사,101,도로,강원도 양구군 양구읍 웅진리~강원도 양구군 남면 대월리
795,1108300348,C2004182,C2004190,양문제외 1개소 개수공사,S,서울청,R1,임진강,경기도 포천시,R1,임진강,03,2005-09-22,2009-12-31,20091231,1,완료공사,102,하천,~
796,6048300784,C2017009,C2017012,양산천 북부지구 수해복구공사,B,부산청,B1,낙동강,경상남도 양산시,B1,낙동강,01,2017-02-10,2017-12-06,20171206,1,완료공사,102,하천,북부천하류~교리보하류
797,6048300784,C2005097,C2005100,양산천 북정지구 하천개수공사,B,부산청,B1,낙동강,경상남도 양산시,B1,낙동강,01,2005-12-29,2011-04-30,20110430,1,완료공사,102,하천,경남 양산시 유산동~경남 양산시 북부동
798,6048300784,C2014022,C2014028,양산천 양산지구 하천환경정비사업,B,부산청,B1,낙동강,경상남도 양산시,B1,낙동강,01,2014-03-21,2019-07-31,20190323,1,완료공사,102,하천,경남 양산시 북정동~경남 양산시 동면 가산리
799,6048300784,C2008009,C2008009,양전제외 2개소 하천개수공사,B,부산청,Z1,기타,경상남도 산청군,Z1,기타,미등록,2008-01-28,2010-05-18,20110112,1,완료공사,102,하천,신등면 율현리~신등면 양전리
800,6048300784,C2003130,C2003130,양천-월곡,B,부산청,999,기타,경상북도 김천시,F,기타,미등록,2004-11-08,2009-11-07,20091107,1,완료공사,101,도로,"경상북도 김천시 양천동~경북 김천시 부항면 월곡리
"
