순번,발주청사업자등록번호,현장번호,공사번호,공사명,기관코드,기관코드명,노선(하천)코드,노선(하천)명,행정구역명,사업종류코드,사업종류명,사업종류차수,착공일자,준공일자,준공예정일자,"준공여부(0:진행,1:준공)","준공여부명(0:진행,1:준공)",사업분야코드,사업분야명,공사구간
1101,6048300784,C2004076,C2004076,칠곡-가례 국도건설공사,B,부산청,020,국도 20호선(산청 ~ 포항),경상남도 의령군,A,일반국도,00,2004-11-11,2010-12-31,20101231,1,완료공사,101,도로,의령군 칠곡면 신포리~의령군 가례면 가례리
1102,4038301161,C2014044,C2014047,탐진강 군동지구 하천환경정비사업,I,익산청,L1,탐진강,전라남도 강진군,L1,탐진강,01,2014-12-01,2019-11-29,20191129,1,완료공사,102,하천,강진군 군동면 덕천리~강진군 군동면 삼신리
1103,4038301161,C2017048,C2017052,탐진강 부산1지구 하천환경정비사업,I,익산청,L1,탐진강,,L1,탐진강,01,2017-11-08,2020-10-20,20201022,1,완료공사,102,하천,장흥군 부산면 지천리~장흥군 부산면 연산리
1104,4038301161,C2005022,C2005035,탐진강 순지제 외 1개지구 보강공사,I,익산청,L1,탐진강,전라남도 장흥군,L1,탐진강,01,2005-05-19,2009-12-31,20091231,1,완료공사,102,하천,~
1105,4038301161,C2004179,C2004188,탐진강 용반제 보강공사,I,익산청,L1,탐진강,,L1,탐진강,01,2004-10-01,2006-12-31,20061231,1,완료공사,102,하천,~
1106,4038301161,C2005021,C2005034,탐진강 유양제 외 1개지구 보강공사,I,익산청,L1,탐진강,전라남도 장흥군,L1,탐진강,01,2005-05-19,2012-12-31,20121231,1,완료공사,102,하천,장흥 부산 유양리~장흥 부산 내안리
1107,4038301161,C2020002,C2020001,탐진강 장흥1-1지구 하천환경정비사업,I,익산청,L1,탐진강,전라남도 장흥군,L1,탐진강,01,2019-12-16,2022-11-29,20221129,0,진행공사,102,하천,~
1108,4038301161,C2020003,C2020002,탐진강 장흥1-2지구 하천환경정비사업,I,익산청,L1,탐진강,전라남도 장흥군,L1,탐진강,01,2019-12-16,2022-11-29,20221129,0,진행공사,102,하천,전라남도 강진군 군동면 금강리~장흥군 장흥읍 평화리
1109,4038301161,C2002053,C2002053,탐진강수계 치수사업 금강천 작천제 개수공사,I,익산청,L1,탐진강,전라남도 강진군,L1,탐진강,03,2002-07-18,2005-07-07,20050707,1,완료공사,102,하천,전남강진군성전면영풍리~전남강진군작천면평기리
1110,4038301161,C2002072,C2002073,탐진강수계 치수사업 병영천 병영제 개수공사,I,익산청,L1,탐진강,,L1,탐진강,03,2002-07-01,2004-12-21,20041221,1,완료공사,102,하천,~
1111,4038301161,C2002054,C2002054,탐진강수계 치수사업 유치천 유치제 개수공사,I,익산청,L1,탐진강,,L1,탐진강,03,2002-07-20,2004-12-21,20041221,1,완료공사,102,하천,~
1112,4038301161,C2004187,C2004189,탐진강수계치수사업 부산천.부산제 개수공사,I,익산청,L1,탐진강,전라남도 장흥군,L1,탐진강,03,2004-12-27,2010-12-31,20101231,1,완료공사,102,하천,장흥군 장동면 용곡리~장흥군 부산면 금자리
1113,4038301161,C2004158,C2004166,탐진강수계치수사업 파산제외1개소 개수공사,I,익산청,L1,탐진강,전라남도 강진군,L1,탐진강,01,2005-05-24,2009-12-31,20091231,1,완료공사,102,하천,강진군군동면파산리~강진군군동면호계리
1114,2248301909,C2007045,C2007046,태백-도계 도로건설공사,W,원주청,038,국도 38호선(서산 ~ 동해),강원도 삼척시,B,지역간선,00,2007-06-20,2015-12-31,20141230,1,완료공사,101,도로,태백시 통동~삼척시 도계읍 늑구리
1115,2248301909,C2011026,C2011023,태백-상사미 도로건설공사,W,원주청,035,국도 35호선(부산 ~ 강릉),강원도 태백시,A,일반국도,01,2011-05-16,2017-12-22,20171222,1,완료공사,101,도로,강원도 태백시 화전동~강원도 태백시 상사미동
1116,4038301161,C2002041,C2002041,태인-원평 도로건설공사(1공구),I,익산청,001,국도 1호선(목포 ~ 신의주(판문점)),전라북도 정읍시,A,일반국도,01,2002-11-21,2009-10-26,20091026,1,완료공사,101,도로,전북 정읍시 태인면 태창리~전북 정읍시 옹동면 용호리
1117,4038301161,C2002042,C2002042,태인-원평 도로건설공사(2공구),I,익산청,030,국도 30호선(부안 ~ 대구),전라북도 정읍시,A,일반국도,01,2002-11-25,2010-07-15,20100715,1,완료공사,101,도로,전북정읍시태인면궁사리~전북정읍시태인면옹동면매정리
1118,6048300784,C2003025,C2003025,태화강 수계치수사업 시례지구하천개수공사,B,부산청,K1,태화강,울산광역시 북구,K1,태화강,03,2003-12-22,2006-12-06,20061206,1,완료공사,102,하천,~
1119,6048300784,C2004083,C2004083,태화강수계 치수사업 둔기지구 하천개수공사,B,부산청,K1,태화강,울산광역시 울주군,K1,태화강,03,2004-07-05,2007-12-31,20071231,1,완료공사,102,하천,~
1120,6048300784,C2003026,C2003026,태화강수계 치수사업 명촌지구 하천개수공사,B,부산청,K1,태화강,울산광역시 북구,K1,태화강,03,2003-12-23,2006-12-06,20061206,1,완료공사,102,하천,~
1121,6048300784,C2004154,C2004155,태화강수계치수사업 척과지구 하천개수공사,B,부산청,K1,태화강,울산광역시 중구,K1,태화강,03,2004-10-08,2008-09-17,20080917,1,완료공사,102,하천,울산 울주군 범서읍 척과리~울산 중구 다운동
1122,1108300348,C2004052,C2004052,통복천 개수공사,S,서울청,F1,안성천,경기도 평택시,F1,안성천,03,2004-06-24,2007-06-23,20070623,1,완료공사,102,하천,경기도 평택시 통복동~경기도 평택시 통복동
1123,6048300784,C2015013,C2015026,통영광도-고성죽계 국도건설공사,B,부산청,014,국도 14호선(거제 ~ 포항),경상남도 고성군,D,국도대체우회도로,미등록,2015-04-01,2020-12-29,20200304,1,완료공사,101,도로,통영시 광도면 노산리~고성군 고성읍 죽계리
1124,1108300348,C2005053,D2005092,퇴계원 - 진접 도로건설 공사,S,서울청,047,국도 47호선(화성 ~ 철원),경기도 남양주시,A,일반국도,00,2005-11-30,2017-12-31,20171231,1,완료공사,101,도로,경기도 구리시 사노동~남양주시 진접읍 장현리
1125,1108300348,C2001026,C2001025,파주적성 우회도로 개설공사,S,서울청,037,국도 37호선(거창 ~ 파주),경기도 파주시,A,일반국도,00,2001-05-26,2006-06-30,20060630,1,완료공사,101,도로,경기도파주시적성면두지리~경기도파주시적성면객현리
1126,1108300348,C2019019,C2019025,팔당대교-와부 도로건설공사,S,서울청,045,국도 45호선(서산 ~ 가평),경기도 남양주시,A,일반국도,01,2019-10-07,2026-08-30,20260830,0,진행공사,101,도로,~
1127,1108300348,C2018029,C2018026,팔탄-봉담 도로확장공사,S,서울청,043,국도 43호선(연기 ~ 고성),경기도 화성시,A,일반국도,01,2018-08-30,2024-07-28,20240728,0,진행공사,101,도로,경기도 화성시 팔탄면 가재리 438-4~경기도 화성시 봉담읍 왕림리 116-4
1128,1108300348,C2004043,C2004043,팔탄북부우회(A)외 1 도로건설공사,S,서울청,082,국도 82호선(평택 ~ 화성),경기도 화성시,C,산업지원국도,00,2004-11-18,2014-04-15,20140415,1,완료공사,101,도로,경기도화성시 팔탄면 가재리~경기도 화성시 양감면 요당리
1129,1108300348,C2009115,C2009125,팽성-오성 도로건설공사,S,서울청,043,국도 43호선(연기 ~ 고성),경기도 평택시,A,일반국도,00,2009-12-24,2016-12-31,20161231,1,완료공사,101,도로,경기도 평택시 팽성읍 노양리~경기도 평택시 오성면 길음리
1130,6048300784,C2022002,C2021043,평강천 평강지구 하천환경정비사업,B,부산청,Z1,기타,부산광역시 강서구,Z1,기타,미등록,2021-12-30,2024-12-13,20220128,0,진행공사,102,하천,"부산광역시 강서구대저2동,명지동,강동동일원~"
1131,2248301909,C2005099,C2005103,평창-정선 도로건설공사(1공구),W,원주청,042,국도 42호선(인천 ~ 동해),강원도 평창군,A,일반국도,00,2007-12-18,2015-12-15,20151215,1,완료공사,101,도로,평창읍 노론리~미탄면 창리
1132,2248301909,C2005091,C2005099,평창-정선 도로건설공사(2공구),W,원주청,042,국도 42호선(인천 ~ 동해),강원도 평창군,B,지역간선,00,2006-01-20,2015-12-31,20151231,1,완료공사,101,도로,강원도 평창군 미탄면 창리~강원도 정선군 정선읍 광하리
1133,2248301909,C2008012,C2008012,평창-정선 도로건설공사(3공구),W,원주청,042,국도 42호선(인천 ~ 동해),강원도 정선군,B,지역간선,06,2008-03-21,2017-12-30,20171230,1,완료공사,101,도로,정선읍 광하리~정선군 덕송리
1134,1108300348,C2018032,C2018038,평택-오산 도로확장공사,S,서울청,001,국도 1호선(목포 ~ 신의주(판문점)),경기도 평택시,A,일반국도,01,2018-10-22,2024-09-19,20240919,0,진행공사,101,도로,경기도 평택시 진위면 신리 456구~경기도 평택시 진위면 하북리 96-9도
1135,1108300348,C2002064,C2002064,평택제개수공사,S,서울청,F1,안성천,경기도 평택시,F1,안성천,01,2003-12-24,2006-12-12,20061212,1,완료공사,102,하천,유천동 경부선 철도지점~통복동통복천합류지점
1136,6048300784,C2003005,C2003005,평해-기성 국도확장공사,B,부산청,007,국도 7호선(부산 ~ 온성 (간성)),경상북도 울진군,A,일반국도,01,2003-09-19,2009-12-31,20091231,1,완료공사,101,도로,경상북도 울진군 평해읍 학곡리~경상북도 울진군 기성면 정명리
1137,6048300784,C2021014,C2021014,포항-안동1-1(1공구) 국도건설공사,B,부산청,031,국도 31호선(부산 ~ 신고산),경상북도 포항시 북구,A,일반국도,01,2020-12-30,2027-11-23,20271123,0,진행공사,101,도로,경상북도 포항시 북구 기계면 인비리 826-1~경상북도 포항시 북구 죽장면 일광리 산 114-2
1138,6048300784,C2021015,C2021015,포항-안동1-1(2공구) 국도건설공사,B,부산청,031,국도 31호선(부산 ~ 신고산),경상북도 포항시 북구,A,일반국도,01,2021-02-05,2027-12-30,20271230,0,진행공사,101,도로,경상북도 포항시 북구 죽장면 일광리~경상북도 청송군 현동면 눌인리
1139,6048300784,C2019002,C2019004,포항-안동2(1공구) 국도건설공사,B,부산청,035,국도 35호선(부산 ~ 강릉),경상북도 안동시,A,일반국도,01,2019-01-29,2025-12-22,20191025,0,진행공사,101,도로,경상북도 청송군 현서면 두현리~경상북도 안동시 길안면 송사리
1140,6048300784,C2019001,C2019005,포항-안동2(2공구) 국도건설공사,B,부산청,035,국도 35호선(부산 ~ 강릉),경상북도 안동시,A,일반국도,01,2019-02-11,2026-01-04,20260104,0,진행공사,101,도로,경북 안동시 길안면 송사리 산2임~경북 안동시 길안면 천지리 798전
1141,6048300784,C2004002,C2004002,포항시관내 국도대체 우회도로(대련-성곡)건설공사,B,부산청,031,국도 31호선(부산 ~ 신고산),경상북도 포항시 북구,D,국도대체우회도로,00,2004-02-16,2010-12-15,20101215,1,완료공사,101,도로,포항시북구흥해읍대련리~포항시북구흥해읍성곡리
1142,6048300784,C1998014,C1998014,포항시관내 국도대체 우회도로(문덕-유강.2-2공구) 건설공사,B,부산청,031,국도 31호선(부산 ~ 신고산),경상북도 포항시 남구,D,국도대체우회도로,00,1998-03-05,2006-12-31,20061231,1,완료공사,101,도로,포항시남구연일읍우복리~포항시남구연일읍유강리
1143,6048300784,C2004001,C2004001,포항시관내 국도대체 우회도로(유강-대련)건설공사,B,부산청,031,국도 31호선(부산 ~ 신고산),경상북도 포항시 남구,D,국도대체우회도로,00,2004-01-27,2011-12-31,20111231,1,완료공사,101,도로,포항시 남구 연일읍 유강리~북구 흥해읍 대련리
1144,6048300784,C2002011,C2002011,포항시관내 국도대체우회도로(문덕-우복)건설공사,B,부산청,031,국도 31호선(부산 ~ 신고산),경상북도 포항시 남구,D,국도대체우회도로,00,2002-11-01,2009-12-31,20091231,1,완료공사,101,도로,경북 포항시 남구 오천읍 문덕리~경북 포항시 남구 연일읍 우복리
1145,6048300784,C2004074,C2004074,포항시관내 국도대체우회도로(일월-문덕)건설공사,B,부산청,031,국도 31호선(부산 ~ 신고산),경상북도 포항시 남구,D,국도대체우회도로,00,2004-11-08,2012-08-13,20120813,1,완료공사,101,도로,경북 포항시 남구 동해면 석리~경북 포항시 남구 오천읍 광명리
1146,6048300784,C2007033,C2007033,풍각-화양 국도건설공사,B,부산청,020,국도 20호선(산청 ~ 포항),경상북도 청도군,A,일반국도,00,2007-04-02,2014-12-31,20141231,1,완료공사,101,도로,각남면 신당리~화양읍 서상리
1147,6048300784,C2009035,C2009047,풍기-도계 국도건설공사,B,부산청,005,국도 5호선(마산 ~ 중강진(김화)),경상북도 영주시,A,일반국도,00,2009-03-02,2016-12-23,20161010,1,완료공사,101,도로,경북영주시풍기읍백리~경북영주시풍기읍수철리
1148,6048300784,C2010005,C2010001,하동-완사1 국도건설공사,B,부산청,002,국도 2호선(목포 ~ 부산),경상남도 하동군,A,일반국도,00,2010-01-25,2018-12-31,20181231,1,완료공사,101,도로,적량면 동산리~북천면 사평리
1149,6048300784,C2007090,C2007099,하동-완사2 국도건설공사,B,부산청,002,국도 2호선(목포 ~ 부산),경상남도 하동군,A,일반국도,00,2010-01-29,2019-01-26,20181231,1,완료공사,101,도로,경상남도 하동군 북천면 사평리~경상남도 사천시 곤명면 봉계리
1150,6048300784,C2007091,C2007100,하동-적량(진상-하동2) 국도건설공사,B,부산청,002,국도 2호선(목포 ~ 부산),경상남도 하동군,A,일반국도,00,2010-02-08,2018-12-31,20181231,1,완료공사,101,도로,경남하동군하동읍목도리~경남하동군적량면동산리
1151,6048300784,C2007022,C2007021,하동-평사리 국도건설공사,B,부산청,019,국도 19호선(남해 ~ 원주),경상남도 하동군,A,일반국도,00,2007-03-26,2016-02-20,20160220,1,완료공사,101,도로,하동군 하동읍 읍내리~하동군 악양면 미점리
1152,6048300784,C2013935,C2013935,하동-화개 국도건설공사,B,부산청,019,국도 19호선(남해 ~ 원주),경상남도 하동군,A,일반국도,01,2013-04-22,2021-06-03,20180326,1,완료공사,101,도로,경상남도 하동군 악양면 미점리~경상남도 하동군 화개면 탑리
1153,6048300784,C2003037,C2003037,하빈지구 하천개수공사,B,부산청,B1,낙동강,대구광역시 달성군,B1,낙동강,03,2003-12-30,2009-12-31,20091231,1,완료공사,102,하천,~
1154,4038301161,C1998008,C1998008,하서-부안간 도로확장 및 포장공사,I,익산청,030,국도 30호선(부안 ~ 대구),전라북도 부안군,B,지역간선,08,1998-02-20,2005-12-31,20051231,1,완료공사,101,도로,전북 부안군 하서면 백련리~전북 부안군 동진면 내기리
1155,2248301909,C2005081,C2005085,하수남제 축제공사,W,원주청,Z1,기타,강원도 횡성군,A1,한강,03,2005-12-09,2010-11-26,20101127,1,완료공사,102,하천,횡성군 우천면 법주리~횡성군 우천면 두곡리
1156,3068301763,C2016003,C2016002,학봉-공암 도로건설공사,D,대전청,032,국도 32호선(서산 ~ 대전),충청남도 공주시,A,일반국도,01,2016-01-06,2023-01-30,20230108,0,진행공사,101,도로,대전시 유성구 갑동~공주시 반포면 공암리
1157,4038301161,C2004107,C2004107,학산 -주산리간 도로건설공사,I,익산청,027,국도 27호선(고흥 ~ 군산),전라남도 곡성군,C,산업지원국도,00,2004-12-09,2010-12-23,20101223,1,완료공사,101,도로,전남 곡성군 겸면 평장리/전남 영암군 금정리 월평리~전남 곡성군 옥과면 주산리/전남 나주시 세지면 대산리
1158,3068301763,C1996003,C1996003,학산-영동간 도로확장 및 포장공사,D,대전청,019,국도 19호선(남해 ~ 원주),충청북도 영동군,B,지역간선,08,1996-12-30,2007-12-31,20071231,1,완료공사,101,도로,전북 무주군 무주읍 오산리~충북 영동군 영동읍 부용리
1159,1108300348,C2019003,C2019001,한강 고양지구 하천환경정비사업,S,서울청,A1,한강,경기도 고양시 덕양구,A1,한강,01,2018-12-28,2023-12-20,20231220,0,진행공사,102,하천,경기도 고양시 덕양구 행주외동63~경기도 김포시 고촌읍 신곡리 1051
1160,3068301763,C2003063,C2003063,한강 오량제 개수공사,D,대전청,A1,한강,충청북도 충주시,A1,한강,03,2003-05-15,2005-04-15,20050415,1,완료공사,102,하천,~
1161,1108300348,C2017015,C2017002,한강 팔당 하남지구 하천환경정비사업,S,서울청,A1,한강,,A1,한강,01,2017-03-24,2020-09-03,20200903,1,완료공사,102,하천,경기도 하남시 미사동~하남시 창우동
1162,3068301763,C2003062,C2003062,한강 하리제개수공사,D,대전청,A1,한강,,A1,한강,03,2003-06-01,2005-12-31,20051231,1,완료공사,102,하천,~
1163,1108300348,C2012053,C2012041,한강(남한강)살리기 1공구 하천환경정비공사,S,서울청,A1,한강,경기도 양평군,A1,한강,01,2010-04-13,2012-10-31,20121031,1,완료공사,102,하천,경기도 하남시 배알미동~경기도 양평군 양평읍 양근리
1164,1108300348,C2022022,C2022018,한강(동호대교~하구)등 9개 국가하천 실시간 모니터링 체계 구축사업,S,서울청,A1,한강,,A1,한강,01,,,,0,진행공사,102,하천,~
1165,1108300348,C2009090,C2009104,한강(북한강)살리기9공구 하천환경정비공사,S,서울청,Z1,기타,경기도 가평군,A1,한강,01,2009-11-18,2011-12-31,20121231,1,완료공사,102,하천,경기도 가평군~경기도 남양주시
1166,1108300348,C2022015,C2022016,한강(섬강~동호대교) 등 9개 국가하천 실시간 모니터링체계 구축사업,S,서울청,F1,안성천,,A1,한강,01,,,,0,진행공사,102,하천,~
1167,1108300348,C2011011,C2011007,한강(하류)하천환경정비사업,S,서울청,A1,한강,경기도 김포시,A1,한강,01,2010-12-28,2014-03-31,20140331,1,완료공사,102,하천,서울시 강서구 개화동~경기도 남양주시 와부읍 팔당리일원
1168,1108300348,C2009110,C2009122,한강살리기 3공구(여주1지구)사업,S,서울청,A1,한강,경기도 여주시,A1,한강,01,2009-10-27,2011-12-15,20111215,1,완료공사,102,하천,대신면 천서리~대신면 당산리
1169,1108300348,C2009109,C2009115,한강살리기 4공구(여주2지구)사업,S,서울청,A1,한강,경기도 여주시,A1,한강,01,2009-10-27,2012-04-30,20120430,1,완료공사,102,하천,경기도 여주군 흥천면 상백리~경기도 여주군 능서면 왕대리
1170,3068301763,C2009100,C2009105,한강살리기 7공구(중원지구)사업,D,대전청,A1,한강,충청북도 충주시,A1,한강,01,2009-11-17,2011-12-21,20111221,1,완료공사,102,하천,충주 앙성면 단암리~충주 가금면 장천리
1171,3068301763,C2009009,C2009013,한강살리기 충주지구 생태하천 조성사업,D,대전청,A1,한강,충청북도 충주시,A1,한강,01,2009-02-11,2012-04-19,20120419,1,완료공사,102,하천,충주시 금릉동~충주시 동량면 용교리
1172,3068301763,C2007087,C2007096,한강수계 동진제 하천정비 공사,D,대전청,A1,한강,,A1,한강,미등록,2007-07-30,2010-12-22,20101222,1,완료공사,102,하천,~
1173,3068301763,C2007088,C2007054,한강수계 동진제 하천정비공사등 2개공사,D,대전청,A1,한강,충청북도 괴산군,A1,한강,미등록,2007-07-30,2010-12-22,20101222,1,완료공사,102,하천,충북 괴산 소수 길선리~충북 괴산 소수 수리
1174,3068301763,C2007051,C2007052,한강수계 음성1제 하천정비공사,D,대전청,A1,한강,충청북도 괴산군,A1,한강,01,2007-07-30,2013-04-30,20130430,1,완료공사,102,하천,괴산군 불정면 웅동리~괴산군 불정면 창산리
1175,3068301763,C2007069,D2007033,한강수계 음성2제 하천정비공사 등 2개공사,D,대전청,A1,한강,충청북도 음성군,A1,한강,01,2007-07-30,2013-12-20,20131220,1,완료공사,102,하천,음성군 소이면 금고리~괴산군 불정면 앵천리
1176,3068301763,C2007047,C2007048,한강수계 음성3제 하천정비공사,D,대전청,A1,한강,충청북도 음성군,A1,한강,01,2007-07-30,2014-05-09,20140509,1,완료공사,102,하천,음성읍평곡리~소이면금고리
1177,3068301763,C2003049,C2003049,한강수계 치수사업 선평.도원제 개수공사,D,대전청,A1,한강,충청북도 괴산군,A1,한강,03,2003-05-25,2006-02-10,20060210,1,완료공사,102,하천,~
1178,3068301763,C2003050,C2003050,한강수계치수사업 동부제 개수공사,D,대전청,A1,한강,,A1,한강,03,2003-06-01,2005-12-31,20051231,1,완료공사,102,하천,~
1179,3068301763,C2003051,C2003051,한강수계치수사업 이담제 개수공사,D,대전청,A1,한강,충청북도 괴산군,A1,한강,03,2003-06-01,2005-12-31,20051231,1,완료공사,102,하천,~
1180,2248301909,C2002069,C2002069,한계제 축제공사,W,원주청,Z1,기타,강원도 춘천시,Z1,기타,03,2002-04-10,2006-04-10,20060410,1,완료공사,102,하천,~
1181,6048300784,C2016027,C2016026,한기리-교리 국도건설공사,B,부산청,003,국도 3호선(남해 ~ 초산 (철원)),경상북도 김천시,A,일반국도,01,2016-09-21,2022-12-31,20210825,0,진행공사,101,도로,경북 김천시 대덕면 화전리~경북 김천시 지례면 관덕리
1182,6048300784,C2021009,C2021010,함안 군북-가야 국도건설공사,B,부산청,,,경상남도 함안군,A,일반국도,01,2021-01-18,2026-01-16,20260116,0,진행공사,101,도로,경상남도 함안군 군북면 함마대로 454~경상남도 함안군 가야읍 함마대로 1445
1183,6048300784,C2018009,C2018011,함안천 가야지구 하천환경정비사업,B,부산청,B1,낙동강,경상남도 함안군,B1,낙동강,01,2018-03-28,2023-03-01,20230301,0,진행공사,102,하천,경상남도 함안군 가야읍 검암리 169-1~경상남도 의령군 지정면 두곡리 1696-5
1184,6048300784,C2009051,C2009068,함안천 함안지구 하천개수공사,B,부산청,B1,낙동강,경상남도 함안군,B1,낙동강,01,2009-03-10,2013-02-12,20130212,1,완료공사,102,하천,경상남도 함안군 함안면~경상남도 함안군 함안면
1185,4038301161,C2019012,C2019014,함평 함평-해보 도로시설개량공사,I,익산청,024,국도 24호선(신안 ~ 울산),전라남도 함평군,A,일반국도,01,2019-04-15,2025-04-12,20250412,0,진행공사,101,도로,전남 함평군 대동면 강운리~전남 함평군 해보면 대창리
1186,4038301161,C2000010,C2000010,함평-함평IC간 도로확장 및 포장공사,I,익산청,024,국도 24호선(신안 ~ 울산),전라남도 함평군,A,일반국도,01,2000-12-30,2006-09-04,20060904,1,완료공사,101,도로,전라남도 함평군 함평읍 기각리~전라남도 함평군 신광면 월암리
1187,4038301161,C2006022,D2006013,함평2지구 하천환경정비공사,I,익산청,E1,영산강,전라남도 함평군,E1,영산강,01,2006-07-20,2011-01-25,20110125,1,완료공사,102,하천,함평읍 기각리~엄다면 화양리
1188,4038301161,C2007046,C2007047,함평IC-수호리 도로확장공사,I,익산청,023,국도 23호선(강진 ~ 천안),전라남도 함평군,A,일반국도,미등록,2007-07-09,2009-06-28,20090628,1,완료공사,101,도로,전라남도 함평군 함평읍~전라남도 함평군 함평읍 수호리
1189,4038301161,C2008017,C2008019,함평IC-수호리 도로확장공사(생태공원 교차로),I,익산청,023,국도 23호선(강진 ~ 천안),전라남도 함평군,A,일반국도,미등록,2008-12-10,2009-12-11,20091211,1,완료공사,101,도로,전라남도 함평군 함평읍~전라남도 함평군 함평읍 수호리
1190,4038301161,C2021024,C2021022,함평천 함평지구 하천환경정비사업,I,익산청,E1,영산강,전라남도 함평군,E1,영산강,01,2021-03-12,2023-08-28,20210410,0,진행공사,102,하천,전라남도 함평군 대동면 덕산리 609-9~전라남도 함평군 함평읍 기각리 375-25
1191,3068301763,C2001013,C2001013,합덕-신례원(제1공구)간 도로확장 및 포장공사,D,대전청,032,국도 32호선(서산 ~ 대전),충청남도 당진군,B,지역간선,10,2001-10-19,2007-12-04,20071204,1,완료공사,101,도로,충남 당진군 합덕읍 운산~충남 당진군 합덕읍 신석
1192,3068301763,C2001014,C2001014,합덕-신례원(제2공구)간 도로확장 및 포장공사,D,대전청,032,국도 32호선(서산 ~ 대전),충청남도 예산군,B,지역간선,10,2001-10-19,2006-11-21,20061121,1,완료공사,101,도로,충남 예산군 신암면 신택리~충남 예산군 예산읍 간양리
1193,6048300784,C1997005,C1997005,합천-쌍림 도로4차선 확장 및 포장공사,B,부산청,033,국도 33호선(고성 ~ 구미),경상남도 합천군,A,일반국도,01,1997-03-05,2009-12-31,20091231,1,완료공사,101,도로,경남 합천군 합천읍 영창리~경북 고령군 쌍림면 신곡리
1194,4038301161,C2017011,C2017014,해남 옥천-강진 도암 도로시설개량공사,I,익산청,018,국도 18호선(진도 ~ 구례),전라남도 해남군,A,일반국도,01,2017-03-16,2022-03-18,20220217,1,완료공사,101,도로,해남군 옥천면영춘리~강진군 도암면계라리
1195,3068301763,C2001008,C2001008,해미-덕산(제1공구)간 도로확장 및 포장공사,D,대전청,045,국도 45호선(서산 ~ 가평),충청남도 서산시,B,지역간선,09,2001-10-20,2006-11-07,20061107,1,완료공사,101,도로,충남 서산시 해미면 휴암리~충남 예산군 덕산면 광천리
1196,3068301763,C2001011,C2001011,해미-덕산(제2공구)간 도로확.포장공사,D,대전청,045,국도 45호선(서산 ~ 가평),충청남도 예산군,B,지역간선,09,2001-10-20,2006-10-25,20061025,1,완료공사,101,도로,충남 예산군 덕산면 광천리~충남 예산군 덕산면 대치리
1197,1108300348,C2008001,C2008001,행주대교 남측 도로망 종합개선 도로건설공사,S,서울청,039,국도 39호선(부여 ~ 의정부),경기도 김포시,A,일반국도,00,2008-02-01,2013-10-24,20131024,1,완료공사,101,도로,서울시 강서구 개화동~경기도 김포시 고촌면
1198,1108300348,C2003108,C2003108,향양리배수펌프장설치공사,S,서울청,R1,임진강,,R1,임진강,01,2003-09-03,2005-07-15,20050715,1,완료공사,102,하천,~
1199,2248301909,C2005002,C2005002,현내-송현진2외 1개소 도로건설공사,W,원주청,007,국도 7호선(부산 ~ 온성 (간성)),강원도 고성군,B,지역간선,00,2005-02-04,2012-12-31,20121231,1,완료공사,101,도로,강원도 고성군 현내면 명파리~강원도 고성군 현내면 사천리
1200,6048300784,C1997007,C1997007,현동-내서 도로4차선 축조공사,B,부산청,005,국도 5호선(마산 ~ 중강진(김화)),경상남도 마산시,B,지역간선,08,1997-03-28,2006-12-20,20061231,1,완료공사,101,도로,마산시 합포구 현동~마산시 회원구 내서읍 감천리
