순번,발주청사업자등록번호,현장번호,공사번호,공사명,기관코드,기관코드명,노선(하천)코드,노선(하천)명,행정구역명,사업종류코드,사업종류명,사업종류차수,착공일자,준공일자,준공예정일자,"준공여부(0:진행,1:준공)","준공여부명(0:진행,1:준공)",사업분야코드,사업분야명,공사구간
901,3068301763,C1999007,C1999007,운산-당진간 도로 확장포장공사,D,대전청,032,국도 32호선(서산 ~ 대전),충청남도 당진군,B,지역간선,08,1999-02-26,2005-07-03,20050703,1,완료공사,101,도로,서산시 운산면 여미리~당진군 당진읍 채운리
902,4038301161,C1997025,C1997025,운암-구이 도로확장 및 포장공사,I,익산청,027,국도 27호선(고흥 ~ 군산),광주광역시 북구,B,지역간선,06,1997-12-24,2005-11-26,20051126,1,완료공사,101,도로,광주광역시 북구 운암동~전라북도 완주군 구이면
903,6048300784,C1998001,C1998001,울산-강동간 도로4차선 확장 및 포장공사,B,부산청,031,국도 31호선(부산 ~ 신고산),울산광역시 북구,B,지역간선,08,1998-09-07,2007-12-31,20071231,1,완료공사,101,도로,울산광역시 북구 연암동~경북 경주시 양남면 수렴리
904,6048300784,C2021025,C2021024,울산농소-경주외동 국도건설공사,B,부산청,007,국도 7호선(부산 ~ 온성 (간성)),경상북도 경주시,A,일반국도,01,2021-04-12,2028-04-09,20280409,0,진행공사,101,도로,"울산광역시 북구 관문길 159, 산 125 - 8(천곡동)~경상북도 경주시 외동읍 구어들밑길 112-33"
905,6048300784,C2006021,C2006021,웅동-장유 국도확장공사,B,부산청,058,국도 58호선,경상남도 진해시,A,일반국도,01,2006-07-31,2019-12-23,20191223,1,완료공사,101,도로,경남 창원시 진해구 마천동~경남 김해시 응달동
906,6048300784,C2012054,C2012062,웅상-무거1 국도건설공사,B,부산청,007,국도 7호선(부산 ~ 온성 (간성)),울산광역시 울주군,A,일반국도,01,2012-07-09,2020-12-23,20190602,1,완료공사,101,도로,경남양산시용당동~울산광역시 울주군 대복리
907,6048300784,C2012055,C2012063,웅상-무거2 국도건설공사,B,부산청,007,국도 7호선(부산 ~ 온성 (간성)),울산광역시 울주군,A,일반국도,01,2012-07-20,2021-03-31,20191024,1,완료공사,101,도로,울산광역시 울주군 웅촌면 대복리~울산광역시 울주군 청량읍 문죽리
908,2248301909,C2001029,C2001028,원덕-근덕간 도로확장 및 포장공사(국도7호선),W,원주청,007,국도 7호선(부산 ~ 온성 (간성)),강원도 삼척시,C,산업지원국도,00,2001-06-20,2009-01-05,20090105,1,완료공사,101,도로,강원도 삼척시 원덕읍 임원리~강원도 삼척시 근덕면 매원리
909,3068301763,C2002035,C2002035,원봉.도남제 개수 공사,D,대전청,C1,금강,충청남도 연기군,C1,금강,03,2002-05-02,2005-07-05,20050705,1,완료공사,102,하천,원봉제~도남2제
910,1108300348,C1999015,C1999015,원정-우정 도로확장및 포장공사,S,서울청,082,국도 82호선(평택 ~ 화성),강원도 강릉시,A,일반국도,01,1999-06-01,2005-12-01,20051201,1,완료공사,101,도로,경기도 평택시 포승면 원정리~경기도 화성시 우정면 석천리
911,2248301909,C2016013,C2016012,원주-새말 국도개량 도로건설공사,W,원주청,042,국도 42호선(인천 ~ 동해),강원도 원주시,A,일반국도,01,2016-03-21,2022-02-17,20220217,1,완료공사,101,도로,원주시 소초면 흥양리~횡성군 우천면 백달리
912,2248301909,C2001028,C2001027,원주시 우회도로(관설-봉산) 건설공사,W,원주청,005,국도 5호선(마산 ~ 중강진(김화)),강원도 원주시,D,국도대체우회도로,00,2001-12-29,2013-12-10,20131210,1,완료공사,101,도로,강원도 원주시 관설동~강원도 원주시 봉산동
913,2248301909,C2000014,C2000014,원주시관내 국도대체 우회도로(봉산-장양)건설공사,W,원주청,005,국도 5호선(마산 ~ 중강진(김화)),강원도 원주시,D,국도대체우회도로,00,2000-12-30,2011-07-08,20110708,1,완료공사,101,도로,강원도 원주시 봉산동~강원도 원주시 소초면 장양리
914,2248301909,C1999023,C1999023,원주시관내 국도대체 우회도로(흥업-관설)건설공사,W,원주청,019,국도 19호선(남해 ~ 원주),강원도 원주시,D,국도대체우회도로,00,1999-04-28,2008-12-31,20081231,1,완료공사,101,도로,강원도 원주시 흥업면 사제리~강원도 원주시 관설동
915,2248301909,C2005088,C2005092,원주천(봉장제등 3개지구) 개수공사,W,원주청,Z1,기타,강원도 원주시,A1,한강,03,2005-12-12,2012-01-25,20120125,1,완료공사,102,하천,봉장제~주원제
916,3068301763,C2009054,C2009070,원청-태안(제1공구)도로건설공사,D,대전청,077,국도 77호선(부산 ~ 인천),충청남도 태안군,A,일반국도,00,2009-04-30,2016-12-31,20161231,1,완료공사,101,도로,남면 원청리~남면 신장리
917,3068301763,C2004188,C2004194,원청-태안(제2공구)도로 건설공사,D,대전청,077,국도 77호선(부산 ~ 인천),충청남도 태안군,A,일반국도,00,2009-04-23,2017-06-30,20170630,1,완료공사,101,도로,충남 태안군 남면 신장리~충남 태안군 태안읍 남문리
918,4038301161,C2000007,C2000007,원평-금구간 도로건설공사(국도1호선),I,익산청,001,국도 1호선(목포 ~ 신의주(판문점)),전라북도 김제시,B,지역간선,10,2000-12-30,2007-12-21,20071221,1,완료공사,101,도로,전북 정읍시 옹동면 용호리~전북 김제시 금구면 용복리
919,4038301161,C2017021,C2017021,원평천 내광지구 하천환경 정비사업,I,익산청,J1,동진강,전라북도 김제시,Z1,기타,미등록,2017-03-06,2019-12-20,20200218,1,완료공사,102,하천,김제시 봉남면~정읍시 감곡면
920,4038301161,C2017022,C2017022,원평천 신흥지구 하천환경 정비사업,I,익산청,J1,동진강,전라북도 김제시,Z1,기타,미등록,2017-03-06,2019-12-20,20200218,1,완료공사,102,하천,정읍시 감곡면 삼평리~김제시 죽산면 죽산리
921,3068301763,C2002032,C2002032,은행-옥천간 도로건설공사,D,대전청,037,국도 37호선(거창 ~ 파주),충청북도 옥천군,A,일반국도,01,2002-10-21,2010-10-20,20101020,1,완료공사,101,도로,충북 옥천군 군서면 은행리~충북 옥천군 군서면 월전리
922,3068301763,C1999028,C1999028,음봉-둔포간도로확장 및 포장공사,D,대전청,032,국도 32호선(서산 ~ 대전),충청남도 아산시,A,일반국도,미등록,1999-02-05,2004-12-31,20041231,1,완료공사,101,도로,충청남도 아산시 음봉면~충청남도 아산시 둔포면
923,3068301763,C2007020,C2007017,음봉-영인 도로건설공사,D,대전청,043,국도 43호선(연기 ~ 고성),충청남도 아산시,A,일반국도,00,2007-03-08,2016-12-31,20170305,1,완료공사,101,도로,충남 아산시 음봉면 송촌리~충남 아산시 둔포면 봉재리
924,6048300784,C2012027,C2012028,의령-정곡 국도건설공사,B,부산청,020,국도 20호선(산청 ~ 포항),경상남도 의령군,A,일반국도,01,2012-02-17,2017-07-31,20170731,1,완료공사,101,도로,의령군 용덕면 운곡리~의령군 정곡면 죽전리
925,6048300784,C2018034,C2018036,의령-합천 국도건설공사,B,부산청,020,국도 20호선(산청 ~ 포항),경상남도 의령군,A,일반국도,01,2018-11-02,2023-10-06,20231006,0,진행공사,101,도로,경상남도 의령군 법정로 899-1~경상남도 합천군 청덕면 앙진리 544-1
926,1108300348,C2011020,C2011020,의정부-소흘 도로건설공사,S,서울청,043,국도 43호선(연기 ~ 고성),경기도 포천시,A,일반국도,01,2011-05-30,2020-12-31,20181231,1,완료공사,101,도로,경기도 포천시 소흘읍 이동교리~경기도 포천시 소흘읍 하송우리
927,1108300348,C1999013,C1999013,의정부시관내 국도대체 우회도로(자금-회천),S,서울청,003,국도 3호선(남해 ~ 초산 (철원)),경기도 양주시,D,국도대체우회도로,00,1999-06-01,2015-12-31,20151231,1,완료공사,101,도로,경기도 의정부시 자금동~경기도 양주시 회천동
928,1108300348,C2000012,C2000012,의정부시관내국도대체우회도로(장암자금),S,서울청,003,국도 3호선(남해 ~ 초산 (철원)),경기도 의정부시,D,국도대체우회도로,00,2000-10-30,2015-08-24,20150824,1,완료공사,101,도로,경기도 의정부시 장암동~경기도 의정부시 자금동
929,2248301909,C2006046,C2006048,이목정제 수해복구공사,W,원주청,,,강원도 강릉시,미등록,,미등록,2006-12-13,2007-12-31,20071231,1,완료공사,102,하천,~
930,4038301161,C2002043,C2002043,이양-능주 도로확장공사(1공구),I,익산청,029,국도 29호선(보성 ~ 서산),전라남도 화순군,A,일반국도,01,2002-11-25,2010-11-12,20101112,1,완료공사,101,도로,전라남도 화순군 이양면 매정리~전라남도 화순군 이양면 품평리
931,4038301161,C2002044,C2002044,이양-능주 도로확장공사(2공구),I,익산청,029,국도 29호선(보성 ~ 서산),전라남도 화순군,A,일반국도,01,2002-11-20,2010-11-19,20101119,1,완료공사,101,도로,전남 화순군 이양면 금능리~전남 화순군 한천면 모산리
932,4038301161,C2015002,C2015001,익산 국가식품클러스터 진입도로 확장공사,I,익산청,999,기타,전라북도 익산시,C,산업지원국도,01,2015-01-12,2019-12-31,20191216,1,완료공사,101,도로,동촌리~동용리
933,4038301161,C1998009,C1998009,익산-서수간 도로확장 및 포장공사,I,익산청,027,국도 27호선(고흥 ~ 군산),전라북도 익산시,B,지역간선,09,1998-12-21,2006-03-07,20060307,1,완료공사,101,도로,전북 군산시 서수면 서수리~전북 익산시 오산면 송학리
934,4038301161,C2003073,C2003073,익산시관내 국도대체 우회도로(황등-오산)건설공사,I,익산청,023,국도 23호선(강진 ~ 천안),전라북도 익산시,D,국도대체우회도로,미등록,2003-10-23,2016-12-22,20161222,1,완료공사,101,도로,전북 익산시 오산면 영만리~전북 익산시 함열읍 다송리
935,4038301161,C2021030,C2021027,익산시관내 국도대체우회도로(서수-평장1) 건설공사,I,익산청,023,국도 23호선(강진 ~ 천안),전라북도 익산시,D,국도대체우회도로,미등록,2021-06-10,2028-05-03,20210617,0,진행공사,101,도로,익산시 황등면 신기리~삼기면 용연리
936,4038301161,C2021032,C2021029,익산시관내 국도대체우회도로(서수-평장2) 건설공사,I,익산청,,,전라북도 익산시,D,국도대체우회도로,미등록,2021-06-24,2028-05-07,20220121,0,진행공사,101,도로,전북 익산시 삼기면 용연리~전북 익산시 금마면 동고도리
937,2248301909,C2007002,C2007002,인제-양양 수해복구공사,W,원주청,044,국도 44호선(양평 ~ 양양),강원도 인제군,A,일반국도,미등록,2007-01-22,2007-12-18,20071218,1,완료공사,101,도로,인제~양양
938,1108300348,C2007037,C2007038,인화-강화 도로건설공사,S,서울청,048,국도 48호선(강화 ~ 서울),인천광역시 강화군,A,일반국도,01,2007-03-19,2018-12-31,20181231,1,완료공사,101,도로,인천광역시 강화군 하점면 신봉리~인천광역시 강화군 강화읍 갑곶리
939,1108300348,C1999017,C1999017,일동-영중간 도로확장 및 포장공사,S,서울청,037,국도 37호선(거창 ~ 파주),경기도 포천시,B,지역간선,08,1999-06-19,2005-11-29,20051129,1,완료공사,101,도로,경기도 포천군 일동면 기산리~경기도 포천군 영중면 금주리
940,1108300348,C1999016,C1999016,일동-이동간 도로 확장 및 포장 공사,S,서울청,047,국도 47호선(화성 ~ 철원),경기도 포천시,B,지역간선,08,1999-05-24,2006-09-30,20060930,1,완료공사,101,도로,경기 포천 일동 기산~경기 포천 이동 도평
941,4038301161,C2003080,C2003080,일반하천 치수사업 고막원천 단면보강공사,I,익산청,E1,영산강,전라남도 함평군,E1,영산강,03,2003-06-24,2009-09-02,20090902,1,완료공사,102,하천,전남 함평군 대동면 금곡리~전남 함평군 학교면 석정리
942,4038301161,C2003064,C2003064,일반하천 치수사업 원평천 상류3차 개수공사,I,익산청,J1,동진강,,J1,동진강,01,2003-07-02,2005-12-23,20051223,1,완료공사,102,하천,~
943,4038301161,C2003076,C2003076,일반하천 치수사업 함평천 단면보강공사,I,익산청,E1,영산강,,E1,영산강,03,2003-06-20,2006-12-18,20061218,1,완료공사,102,하천,~
944,4038301161,C2002052,C2002052,일반하천개수사업 삼기천 삼기제 개수공사,I,익산청,D1,섬진강,전라남도 곡성군,D1,섬진강,03,2002-08-21,2008-12-31,20081231,1,완료공사,102,하천,전남삼기면 농소리~전남겸면 괴정리
945,4038301161,C2004133,C2004134,일반하천치수사업 고부천 하류 하도정비공사,I,익산청,J1,동진강,,J1,동진강,01,2004-11-05,2006-12-18,20061218,1,완료공사,102,하천,~
946,1108300348,C2004050,C2004050,일산제 개수공사,S,서울청,A1,한강,경기도 고양시 일산구,A1,한강,01,2004-10-04,2011-12-31,20101231,1,완료공사,102,하천,남양주시 조안면 능내리~파주시 교하면 송촌리
947,2248301909,C2006035,C2006038,임당-두밀 도로건설공사,W,원주청,031,국도 31호선(부산 ~ 신고산),강원도 양구군,A,일반국도,미등록,2006-12-08,2010-06-28,20100628,1,완료공사,101,도로,양구군 동면 임당리~양구군 동면 월운리
948,4038301161,C2020029,C2020028,임실 성수-진안 진안(3공구) 도로시설개량공사,I,익산청,030,국도 30호선(부안 ~ 대구),전라북도 진안군,A,일반국도,00,2020-09-28,2025-09-01,20201226,0,진행공사,101,도로,전라북도 진안군 마령면 동촌리~전라북도 진안군 진안읍 반월리
949,4038301161,C2022001,C2021034,임실-장수(1공구) 도로시설개량공사,I,익산청,013,국도 13호선(완도 ~ 금산),,A,일반국도,01,,,,0,진행공사,101,도로,~
950,4038301161,C2022027,C2021035,임실-장수(2공구) 도로시설개량공사 건설사업관리용역,I,익산청,013,국도 13호선(완도 ~ 금산),,A,일반국도,01,,,,0,진행공사,101,도로,~
951,1108300348,C2018001,C2017062,임진강 고랑.미산지구 하천환경정비사업,S,서울청,R1,임진강,경기도 연천군,A1,한강,01,2017-12-08,2020-11-21,20201121,1,완료공사,102,하천,경기도 연천군 미산면 삼화리~경기도 파주시 적성면 가월리
952,1108300348,C2017004,C2016035,임진강 군남지구 하천환경정비사업,S,서울청,R1,임진강,경기도 연천군,R1,임진강,01,2017-01-05,2021-12-09,20190213,1,완료공사,102,하천,군남면 선곡리~군남면 진상리
953,2248301909,C2005083,C2005087,자운제 축제공사,W,원주청,Z1,기타,강원도 홍천군,A1,한강,03,2005-12-21,2011-01-26,20091220,1,완료공사,102,하천,홍천군 내면 창촌리~홍천군 내면 광원리
954,1108300348,C2004183,C2004191,작골제 개수공사,S,서울청,R1,임진강,경기도 파주시,R1,임진강,01,2005-09-23,2009-11-13,20091113,1,완료공사,102,하천,탄현면 성동리~탄현면 성동리
955,1108300348,C2003109,C2003109,장등제 개수공사,S,서울청,F1,안성천,경기도 평택시,F1,안성천,03,2003-06-27,2005-12-23,20051229,1,완료공사,102,하천,~
956,4038301161,C2003072,C2003072,장성-야은 도로확장공사,I,익산청,001,국도 1호선(목포 ~ 신의주(판문점)),전라남도 장성군,A,일반국도,01,2003-09-02,2008-12-30,20081230,1,완료공사,101,도로,장성군 장성읍 영천리~장성군 장성읍 야은리
957,4038301161,C2002051,C2002051,장성복합화물터미널 진입도로 건설공사,I,익산청,999,기타,전라남도 장성군,C,산업지원국도,00,2002-08-26,2006-02-25,20060225,1,완료공사,101,도로,전남 장성군 장성읍 기산리~전남 장성군 서삼면 장산리
958,4038301161,C2018003,C2018002,장수 장수-장계 도로시설개량공사,I,익산청,019,국도 19호선(남해 ~ 원주),전라북도 장수군,A,일반국도,01,2017-11-20,2021-10-29,20211029,1,완료공사,101,도로,전라북도 장수군 장수읍 선창리~전라북도 장수군 계남면 호덕리
959,4038301161,C1997023,C1997023,장수우회도로 축조 및 포장공사,I,익산청,019,국도 19호선(남해 ~ 원주),전라북도 무주군,A,일반국도,00,1997-08-23,2004-12-31,20041231,1,완료공사,101,도로,전라북도 장수군 장수읍~전라북도 장수군 장수읍
960,4038301161,C2011015,C2011016,장신-송학 도로확장공사,I,익산청,027,국도 27호선(고흥 ~ 군산),전라북도 익산시,A,일반국도,01,2010-12-16,2017-04-06,20170406,1,완료공사,101,도로,전라북도익산시 오산면 장신리~전라북도 익산시 송학동
961,1108300348,C2002063,C2002063,장안-발안 도로건설공사,S,서울청,082,국도 82호선(평택 ~ 화성),경기도 화성시,B,지역간선,08,2002-07-26,2008-06-30,20080630,1,완료공사,101,도로,경기도 화성시 우정면 주곡리~경기도 화성시 팔탄면 구장리
962,6048300784,C2009045,C2009041,장안-온산1 국도건설공사,B,부산청,031,국도 31호선(부산 ~ 신고산),부산광역시 기장군,A,일반국도,00,2009-04-20,2018-02-28,20180228,1,완료공사,101,도로,부산 기장군 일광면 문동리~울산 광역시 울주군 서생면 위양리
963,6048300784,C2009050,C2009066,장안-온산2 국도건설공사,B,부산청,031,국도 31호선(부산 ~ 신고산),울산광역시 울주군,A,일반국도,00,2009-04-23,2019-12-31,20190731,1,완료공사,101,도로,울산광역시 울주군 서생면 명산리~울산광역시 울주군 온산읍 당월리
964,2248301909,C2003118,C2003118,장양제 축제공사,W,원주청,Z1,기타,강원도 원주시,Z1,기타,03,2003-05-16,2006-05-01,20060501,1,완료공사,102,하천,~
965,2248301909,C2006045,C2006047,장평제 수해복구공사,W,원주청,,,강원도 강릉시,미등록,,미등록,2006-12-13,2007-12-31,20071231,1,완료공사,102,하천,~
966,3068301763,C2014009,C2014002,장항생태산업단지 진입도로 건설공사,D,대전청,001,국도 1호선(목포 ~ 신의주(판문점)),충청남도 서천군,A,일반국도,01,2014-02-24,2019-12-31,20190103,1,완료공사,101,도로,충남서천군마서면남전리~충남서천군서천읍군사리
967,4038301161,C2017029,C2017028,장흥 장흥-유치 도로시설 개량공사,I,익산청,023,국도 23호선(강진 ~ 천안),전라남도 장흥군,A,일반국도,01,2017-03-30,2023-06-26,20220303,0,진행공사,101,도로,전남 장흥군 장흥읍 충열리~전남 장흥군 부산면 구룡리
968,1108300348,C2005039,C2005006,장흥송추우회도로 개설공사,S,서울청,039,국도 39호선(부여 ~ 의정부),경기도 양주시,A,일반국도,00,2005-01-24,2016-12-28,20161228,1,완료공사,101,도로,장흥면 일영리~장흥면 울대리
969,2248301909,C2006043,C2006045,재산제 수해복구공사,W,원주청,,,강원도 강릉시,미등록,,미등록,2006-12-13,2007-12-31,20071231,1,완료공사,102,하천,~
970,4038301161,C2004104,C2004104,적금-영남간 연육교 가설공사,I,익산청,077,국도 77호선(부산 ~ 인천),전라남도 고흥군,A,일반국도,00,2004-11-01,2016-12-21,20161221,1,완료공사,101,도로,전남 여수시 화정면 적금리~고흥군 영남면 우천리
971,4038301161,C2002048,C2002048,적상-무주I.C 도로건설공사,I,익산청,019,국도 19호선(남해 ~ 원주),전라북도 무주군,B,지역간선,08,2002-11-27,2010-12-07,20101207,1,완료공사,101,도로,전라북도 무주군 적상면 사산리~전라북도 무주군 무주읍 가옥리
972,1108300348,C2009003,D2009001,적성-전곡 도로건설공사(1공구),S,서울청,037,국도 37호선(거창 ~ 파주),경기도 연천군,A,일반국도,00,2009-02-17,2018-12-31,20171231,1,완료공사,101,도로,경기도 연천군 청산면 장탄리~경기도 연천군 군남면 남계리
973,1108300348,C2008025,C2008028,적성-전곡 도로건설공사(2공구),S,서울청,037,국도 37호선(거창 ~ 파주),경기도 연천군,A,일반국도,00,2009-07-08,2015-12-31,20151231,1,완료공사,101,도로,군남면 남계리~미산면 동이리
974,1108300348,C2009015,C2009021,적성-전곡 도로건설공사(3공구),S,서울청,037,국도 37호선(거창 ~ 파주),경기도 파주시,A,일반국도,00,2009-03-04,2018-07-10,20180526,1,완료공사,101,도로,경기도 연천군 미산면 동이리~경기도 파주시 적성면 객현리
975,1108300348,C2014002,C2011029,전곡-영중 도로건설공사 (제1공구),S,서울청,037,국도 37호선(거창 ~ 파주),경기도 포천군,A,일반국도,00,2009-02-09,2020-08-09,20200418,1,완료공사,101,도로,영중면 양문리~창수면 오가리
976,1108300348,C2012031,C2011030,전곡-영중 도로건설공사 (제2공구),S,서울청,037,국도 37호선(거창 ~ 파주),경기도 포천시,A,일반국도,00,2019-03-05,2020-10-20,20200227,1,완료공사,101,도로,경기도포천시창수면오가리~경기도연천군청산면장탄리
977,6048300784,C2001006,C2001006,전도IC-신월간 국도4차로 확장공사,B,부산청,019,국도 19호선(남해 ~ 원주),경상남도 하동군,B,지역간선,10,2001-05-30,2007-12-31,20071231,1,완료공사,101,도로,경남 하동군 금남면 계천리~경남 하동군 고전면 신월리
978,1108300348,C2004051,C2004051,전류제 개수공사,S,서울청,A1,한강,경기도 김포시,A1,한강,01,2004-10-04,2011-12-31,20111231,1,완료공사,102,하천,하성면 전류리~하성면 석탄리
979,4038301161,C2021036,C2021009,전주 탄소산단 진입도로 건설공사 사업관리용역,I,익산청,999,기타,전라북도 전주시 덕진구,C,산업지원국도,00,2021-08-09,2025-07-18,20250718,0,진행공사,101,도로,전라북도 전주시 덕진구 여의동 2가~전라북도  전주시 덕진구 팔복동
980,4038301161,C2002037,C2002037,전주시 국도대체 우회도로(용정-춘포) 건설공사,I,익산청,001,국도 1호선(목포 ~ 신의주(판문점)),전라북도 완주군,D,국도대체우회도로,00,2002-12-30,2010-12-29,20101229,1,완료공사,101,도로,전주시 덕진구 용정동~익산시 왕궁면 온수리
981,4038301161,C1999008,C1999008,전주시관내 국도대체 우회도로(구이-이서)건설공사,I,익산청,027,국도 27호선(고흥 ~ 군산),전라북도 전주시 완산구,D,국도대체우회도로,00,1999-05-18,2006-12-31,20061231,1,완료공사,101,도로,전북 완주군 구이면 두현리~전북 완주군 이서면 상개리
982,4038301161,C2001021,C2001021,전주시관내 국도대체 우회도로(이서-용정)건설공사,I,익산청,001,국도 1호선(목포 ~ 신의주(판문점)),전라북도 완주군,D,국도대체우회도로,00,2001-12-31,2006-12-04,20061204,1,완료공사,101,도로,전북 완주군 이서면 상개리~전주시 덕진구 용정동
983,4038301161,C2006019,C2006019,전주시관내 국도대체우회도로(용정-용진)건설공사,I,익산청,021,국도 21호선(전주 ~ 이천),전라북도 전주시 덕진구,A,일반국도,00,2006-06-27,2019-06-30,20190630,1,완료공사,101,도로,전북 전주시 덕진구 용정동~전북 완주군 용진면
984,4038301161,C2016029,C2016029,전주시관내 국도대체우회도로(용진-우아1) 건설공사,I,익산청,021,국도 21호선(전주 ~ 이천),전라북도 완주군,A,일반국도,01,2016-10-20,2023-09-13,20230913,0,진행공사,101,도로,전북완주군용진읍용흥리~전북전주시덕진구산정동
985,4038301161,C2019013,C2019007,전주시관내 국도대체우회도로(용진-우아2)건설공사,I,익산청,017,국도 17호선(여천 ~ 용인),전라북도 전주시 덕진구,A,일반국도,00,2019-07-01,2026-05-24,20260524,0,진행공사,101,도로,전라북도 전주시 덕진구 산정동~전라북도 전주시 덕진구 색장동
986,4038301161,C1998016,C1998016,전주시관내국도대체우회도로(상관-구이)건설공사,I,익산청,021,국도 21호선(전주 ~ 이천),전라북도 완주군,D,국도대체우회도로,00,1998-03-20,2005-03-31,20050331,1,완료공사,101,도로,전북 완주군 상관면~전라북도 완주군 구이면
987,4038301161,C2019024,C2019027,전주천 전주지구 하천환경정비사업,I,익산청,J1,동진강,전라북도 전주시 덕진구,Z1,기타,미등록,2019-12-02,2022-11-15,20221115,0,진행공사,102,하천,전라북도 전주시 덕진구 덕진동~전라북도 전주시 덕진구 고랑동
988,2248301909,C2006041,C2006043,전천 수해복구공사,W,원주청,,,강원도 강릉시,미등록,,미등록,2006-12-13,2007-12-31,20071231,1,완료공사,102,하천,~
989,2248301909,C2005080,C2005084,전천제 축제공사,W,원주청,Z1,기타,강원도 횡성군,A1,한강,03,2005-12-12,2013-06-13,20130613,1,완료공사,102,하천,횡성군 횡성읍 입석리~횡성군 횡성읍 추동리
990,4038301161,C2017010,C2017015,정읍 태인-산내 도로시설 개량공사,I,익산청,030,국도 30호선(부안 ~ 대구),전라북도 정읍시,A,일반국도,01,2017-03-06,2021-06-30,20220207,1,완료공사,101,도로,옹동면 매정리~칠보면 시산리
991,4038301161,C2005064,C2005068,정읍-신태인(1공구) 도로건설공사,I,익산청,029,국도 29호선(보성 ~ 서산),전라북도 정읍시,A,일반국도,00,2005-12-15,2013-12-24,20131224,1,완료공사,101,도로,전북 정읍시 용계동~전북 정읍시 영원면 후지리
992,4038301161,C2012025,C2012022,정읍-신태인(2공구) 도로건설공사,I,익산청,029,국도 29호선(보성 ~ 서산),전라북도 정읍시,A,일반국도,01,2012-03-20,2020-06-30,20190211,1,완료공사,101,도로,전북 정읍시 영원면 후지리~전북 부안군 백산면 평교리
993,4038301161,C2005062,C2005066,정읍-원덕 (1공구)도로건설공사,I,익산청,001,국도 1호선(목포 ~ 신의주(판문점)),전라남도 장성군,A,일반국도,00,2005-12-27,2017-02-03,20170203,1,완료공사,101,도로,전남 장성군 북하면 용두리~전남 장성군 북이면 원덕리
994,4038301161,C2005061,C2005065,정읍-원덕(2공구) 도로건설공사,I,익산청,001,국도 1호선(목포 ~ 신의주(판문점)),전라북도 정읍시,A,일반국도,00,2005-12-23,2016-09-30,20160930,1,완료공사,101,도로,전남 장성군 북이면 원덕리~전북 정읍시 신월동
995,4038301161,C1997024,C1997024,정읍-태인,I,익산청,001,국도 1호선(목포 ~ 신의주(판문점)),전라북도 정읍시,B,지역간선,07,1997-12-31,2005-12-23,20051223,1,완료공사,101,도로,전라북도 정읍시~전라남도 광양시 태인동
996,4038301161,C2018014,C2018015,정읍시관내 국도대체우회도로(농소-하모)건설공사,I,익산청,029,국도 29호선(보성 ~ 서산),전라북도 정읍시,A,일반국도,00,2018-04-09,2023-03-13,20230313,0,진행공사,101,도로,전라북도 정읍시 용계동~전라북도 정읍시 하모동
997,4038301161,C2005068,C2005072,정읍시관내 국도대체우회도로(삼산-금붕) 건설공사,I,익산청,001,국도 1호선(목포 ~ 신의주(판문점)),전라북도 정읍시,D,국도대체우회도로,00,2005-02-25,2013-12-31,20131231,1,완료공사,101,도로,전북 정읍시 신월동~전북 정읍시 금붕동
998,4038301161,C2009008,C2009012,정읍지구 생태하천 조성공사,I,익산청,Z1,기타,전라북도 정읍시,Z1,기타,01,2009-02-13,2013-12-23,20131223,1,완료공사,102,하천,전북 정읍시 농소동 사금보~전북 정읍시 시기동(상동교하류)
999,4038301161,C2016008,C2016004,정읍천 오금지구(1공구) 하천환경정비사업,I,익산청,J1,동진강,전라북도 정읍시,미등록,,미등록,2016-02-22,2020-12-31,20210219,1,완료공사,102,하천,정읍시 이평면 하송리~정읍시 농소동
1000,4038301161,C2003094,C2003094,정읍천 하도정비공사,I,익산청,J1,동진강,전라북도 정읍시,E1,영산강,03,2003-06-18,2009-12-31,20091231,1,완료공사,102,하천,정읍시 덕천면 달천리~신태인읍 신용리
