순번,발주청사업자등록번호,현장번호,공사번호,공사명,기관코드,기관코드명,노선(하천)코드,노선(하천)명,행정구역명,사업종류코드,사업종류명,사업종류차수,착공일자,준공일자,준공예정일자,"준공여부(0:진행,1:준공)","준공여부명(0:진행,1:준공)",사업분야코드,사업분야명,공사구간
601,3068301763,C2015033,C2015049,삽교천 삽교지구 하천환경정비사업,D,대전청,G1,삽교천,충청남도 예산군,G1,삽교천,01,2015-12-15,2020-11-21,20191213,1,완료공사,102,하천,예산군 삽교읍 평촌리~예산군 신암면 신택리
602,3068301763,C2014034,C2014036,삽교천 신흥지구 하천환경정비사업,D,대전청,G1,삽교천,충청남도 당진군,Z1,기타,미등록,2013-12-27,2016-11-30,20161130,1,완료공사,102,하천,충남 당진시 합덕읍 신흥리~충남 당진시 우강면 신촌리
603,3068301763,C2013930,C2013928,삽교천 합덕지구 하천환경정비사업,D,대전청,G1,삽교천,충청남도 예산군,G1,삽교천,01,2013-03-18,2020-07-17,20190214,1,완료공사,102,하천,충남 예산 삽교 대천천 합류점~당진 합덕 신흥
604,3068301763,C2004013,C2004013,삽교천수계 노전지구하천환경정비사업,D,대전청,G1,삽교천,충청남도 홍성군,G1,삽교천,03,2004-07-01,2008-05-11,20080511,1,완료공사,102,하천,~
605,3068301763,C2003059,C2003059,삽교천수계 치수사업 득산제 개수공사,D,대전청,G1,삽교천,충청남도 아산시,G1,삽교천,03,2003-05-26,2006-05-25,20060525,1,완료공사,102,하천,~
606,3068301763,C2005033,C2005014,삽교천수계 행목지구 하천환경 정비사업,D,대전청,G1,삽교천,충청남도 아산시,G1,삽교천,01,2005-06-11,2008-05-20,20080520,1,완료공사,102,하천,~
607,3068301763,C2004017,C2004017,삽교천수계치수사업 대교지구하천환경정비사업,D,대전청,G1,삽교천,충청남도 예산군,G1,삽교천,03,2004-06-28,2009-08-31,20090831,1,완료공사,102,하천,~
608,3068301763,C2003056,C2003056,삽교천수계치수사업 대지 효교제 개수공사,D,대전청,G1,삽교천,충청남도 예산군,G1,삽교천,03,2003-06-10,2007-05-19,20070519,1,완료공사,102,하천,~
609,3068301763,C2003055,C2003055,삽교천수계치수사업 석우 옥금제 개수공사,D,대전청,G1,삽교천,충청남도 예산군,G1,삽교천,03,2003-05-30,2007-05-08,20081230,1,완료공사,102,하천,~
610,3068301763,C2003058,C2003058,삽교천수계치수사업 송월제 개수공사,D,대전청,G1,삽교천,충청남도 홍성군,G1,삽교천,03,2003-06-10,2007-06-09,20070609,1,완료공사,102,하천,홍성군 홍성읍 송월리~홍성군 홍성읍 구룡리
611,3068301763,C2003057,C2003057,삽교천수계치수사업 장신.관음제 개수공사,D,대전청,G1,삽교천,충청남도 예산군,G1,삽교천,03,2003-05-30,2006-12-30,20061230,1,완료공사,102,하천,충남 예산군 광시면 시목리~충남 예산군 광시면 용두리
612,3068301763,C2003053,C2003053,삽교천수계치수사업 휴암.덕암제 개수공사,D,대전청,G1,삽교천,충청남도 천안시,G1,삽교천,03,2003-05-15,2006-04-14,20060414,1,완료공사,102,하천,~
613,6048300784,C2001003,C2001003,상리-사천간 국도 4차로 확장공사,B,부산청,033,국도 33호선(고성 ~ 구미),경상남도 사천시,A,일반국도,01,2001-12-28,2009-05-31,20090531,1,완료공사,101,도로,경남 사천시 정동면 학촌리~경남 사천시 정동면 풍정리
614,6048300784,C1997001,C1997001,상림-해평 도로 4차선 확장 및 포장공사,B,부산청,025,국도 25호선(진해 ~ 청주),경상북도 구미시,B,지역간선,08,1997-02-27,2006-12-31,20061231,1,완료공사,101,도로,경북 구미시 장천면 상림리~경북 구미시 해평면 월곡리
615,2248301909,C2005077,C2005081,새말 - 안흥 도로 건설 공사,W,원주청,042,국도 42호선(인천 ~ 동해),강원도 횡성군,B,지역간선,00,2006-03-10,2013-11-30,20131130,1,완료공사,101,도로,우천면 백달리~안흥면 안흥리
616,6048300784,C2003006,C2003006,생비량-쌍백 국도확장공사,B,부산청,020,국도 20호선(산청 ~ 포항),경상남도 산청군,A,일반국도,01,2003-09-18,2015-11-20,20151120,1,완료공사,101,도로,경남 산청군 생비량면~경남 합천군 평구리
617,2248301909,C2005085,C2005089,생운제 축제공사,W,원주청,Z1,기타,강원도 횡성군,A1,한강,03,2005-12-28,2013-06-13,20130613,1,완료공사,102,하천,횡성읍 생운리~횡성읍 정암리
618,2248301909,C2005089,C2005093,서곡천(흥업좌안3지구등 10개소) 개수공사,W,원주청,Z1,기타,,A1,한강,03,2005-12-14,2009-12-17,20091217,1,완료공사,102,하천,~
619,6048300784,C2000001,C2000001,서낙동강 하천개수공사,B,부산청,P1,서낙동강,부산광역시 강서구,B1,낙동강,01,2000-06-01,2010-01-03,20100103,1,완료공사,102,하천,부산시 강서구 명지동~김해시 대동면
620,6048300784,C2010021,C2010096,서면-근남 국도건설공사 1공구,B,부산청,036,국도 36호선(대천 ~ 울진),경상북도 울진군,B,지역간선,05,2010-06-15,2020-03-18,20190930,1,완료공사,101,도로,울진군 금강송면 삼근리~울진군 울진읍 대흥리
621,6048300784,C2010022,C2010097,서면-근남 국도건설공사(2공구),B,부산청,036,국도 36호선(대천 ~ 울진),경상북도 울진군,B,지역간선,05,2010-06-28,2019-10-31,20190930,1,완료공사,101,도로,경북 울진군 울진읍 대흥리~경북 울진군 울진읍 온양리
622,3068301763,C2002029,C2002029,서산 고북우회도로 건설공사,D,대전청,029,국도 29호선(보성 ~ 서산),충청남도 서산시,A,일반국도,00,2002-09-26,2008-12-31,20081231,1,완료공사,101,도로,충남 서산시 고북면 양천리~충남 서산시 고북면 신상리
623,3068301763,C1999031,C1999031,서산-운산간 도로확장 및 포장공사,D,대전청,032,국도 32호선(서산 ~ 대전),충청남도 서산시,B,지역간선,07,1999-03-05,2005-09-30,20050930,1,완료공사,101,도로,충남 서산시~충남 서산시 운산면
624,3068301763,C2014039,C2014041,서산-황금산 도로건설공사,D,대전청,038,국도 38호선(서산 ~ 동해),충청남도 서산시,A,일반국도,01,2014-06-20,2016-12-19,20161230,1,완료공사,101,도로,서산시 대산읍 독곶리~서산시 대산읍 독곶리
625,3068301763,C2007010,C2007006,서산시 국도대체 우회도로(음암-성연)건설공사,D,대전청,029,국도 29호선(보성 ~ 서산),충청남도 서산시,A,일반국도,01,2007-02-12,2016-12-27,20161227,1,완료공사,101,도로,충남서산시성연면일람리~충남서산시음암면부장리
626,2248301909,C2003119,C2003119,서석제 축제공사,W,원주청,A1,한강,강원도 홍천군,A1,한강,03,2003-07-09,2006-11-24,20061124,1,완료공사,102,하천,서석면 풍암리~내촌면 도관리
627,4038301161,C1998020,C1998020,서수-군산간 도로확장 및 포장공사,I,익산청,017,국도 17호선(여천 ~ 용인),전라북도 군산시,B,지역간선,07,1998-08-24,2006-12-28,20061231,1,완료공사,101,도로,전북 군산시 구암동~군산시 서수면 서수리
628,3068301763,C2009058,C2009071,서천-보령(제1공구)도로건설공사,D,대전청,021,국도 21호선(전주 ~ 이천),충청남도 서천군,B,지역간선,06,2009-04-30,2017-12-29,20171229,1,완료공사,101,도로,충남 서천군 서천읍 오석리~충남 보령시 주산면 신구리
629,3068301763,C2010035,C2010117,서천-보령(제3공구) 도로건설공사,D,대전청,021,국도 21호선(전주 ~ 이천),충청남도 보령시,A,일반국도,01,2010-09-13,2017-12-31,20171231,1,완료공사,101,도로,충남보령시웅천읍두룡리~충남보령시남포면옥동리
630,3068301763,C2005070,C2005074,서천IC-판교 도로건설공사,D,대전청,004,국도 4호선(군산 ~ 경주),충청남도 서천군,A,일반국도,01,2005-12-23,2014-12-30,20141230,1,완료공사,101,도로,충남 서천군 서천읍 오석리~충남 서천군 판교면 문곡리
631,6048300784,C2002009,C2002009,서후 - 평은 국도확장공사(국도5호선),B,부산청,005,국도 5호선(마산 ~ 중강진(김화)),경상북도 안동시,A,일반국도,01,2002-11-01,2011-12-31,20111231,1,완료공사,101,도로,경북 안동시 서후면 저전리~경북 영주시 평은면 오운리
632,3068301763,C2007062,C2007067,석문-가곡 도로건설공사,D,대전청,038,국도 38호선(서산 ~ 동해),충청남도 당진군,B,지역간선,05,2007-11-12,2014-09-30,20150930,1,완료공사,101,도로,충남 당진시 석문면 통정리~송산면 가곡리
633,3068301763,C1996007,C1996007,석문공업단지 진입도로 확장 및 포장공사,D,대전청,,,,C,산업지원국도,00,1996-11-12,2003-12-25,20031225,1,완료공사,102,하천,~
634,3068301763,C2009068,C2009073,석문국가산업단지 진입도로 건설공사,D,대전청,,,충청남도 당진군,미등록,,미등록,2009-06-19,2013-12-31,20131231,1,완료공사,102,하천,충남 당진 석문 통정리~충남 당진 석문 삼봉리
635,1108300348,C2002065,C2002065,석장제 개수공사,S,서울청,R1,임진강,경기도 연천군,R1,임진강,03,2002-09-09,2005-09-09,20050909,1,완료공사,102,하천,~
636,6048300784,C2001002,C2001002,선산 - 도개간 국도4차로 확장공사,B,부산청,033,국도 33호선(고성 ~ 구미),경상북도 구미시,A,일반국도,01,2001-07-02,2009-12-31,20091231,1,완료공사,101,도로,경북 구미시 선산읍 교리~경북 구미시 도개면 신림리
637,4038301161,C2000008,C2000008,선운사-흥덕간 도로건설공사,I,익산청,022,국도 22호선(정읍 ~ 순천),전라북도 고창군,B,지역간선,08,2000-12-30,2007-12-31,20071231,1,완료공사,101,도로,전북 고창군 아산면 삼인리~전북 고창군 흥덕면 흥덕리
638,1108300348,C2011016,C2011019,설악-청평 도로건설공사,S,서울청,075,국도 75호선(가평 ~ 화천),경기도 가평군,A,일반국도,01,2011-05-30,2017-12-31,20160711,1,완료공사,101,도로,설악면 신천리~청편면 고성리
639,2248301909,C2009094,C2009101,섬강 기존제방(지정지구)보강공사,W,원주청,A1,한강,강원도 원주시,A1,한강,01,2009-03-16,2012-03-15,20120315,1,완료공사,102,하천,지정면 간현리~지정면 안창리
640,2248301909,C2018038,C2018024,섬강 원주지구 하천환경정비사업,W,원주청,A1,한강,강원도 원주시,A1,한강,01,2018-03-20,2023-02-21,20230221,0,진행공사,102,하천,강원도 원주시 호저면~강원도 원주시 지정면 일원
641,2248301909,C2006030,C2006031,섬강 하천환경정비사업,W,원주청,A1,한강,강원도 원주시,A1,한강,01,2006-12-18,2012-02-03,20120203,1,완료공사,102,하천,"건등리,문막리,포진리,취병리,반계리,궁촌리,후용리~건등리,문막리,포진리,취병리,반계리,궁촌리,후용리"
642,2248301909,C2018020,C2018021,섬강 횡성지구 하천정비사업,W,원주청,,,강원도 횡성군,A1,한강,01,2018-03-26,2023-02-27,20230227,0,진행공사,102,하천,강원도 횡성읍 북천리~원주시 호저면 주산리 일원
643,2248301909,C2006039,C2006041,섬강(법천2제) 수해복구공사,W,원주청,,,강원도 강릉시,미등록,,미등록,2006-12-13,2007-12-31,20071231,1,완료공사,102,하천,~
644,2248301909,C2006038,C2006040,섬강(안창우안제) 수해복구공사,W,원주청,,,강원도 강릉시,미등록,,미등록,2006-12-13,2007-12-31,20071231,1,완료공사,102,하천,~
645,2248301909,C2010018,C2010021,"섬강살리기 13공구(후용, 간현지구) 사업",W,원주청,A1,한강,강원도 원주시,A1,한강,01,2010-03-30,2013-03-28,20130328,1,완료공사,102,하천,강원도 원주시 부론면 법천리~원주시 호저면 무장리
646,2248301909,C2010015,C2010015,섬강살리기14공구(호저지구)사업,W,원주청,A1,한강,강원도 횡성군,A1,한강,01,2010-03-31,2013-01-07,20130107,1,완료공사,102,하천,원주시 호저면 대덕리~횡성군 횡성읍 일원
647,2248301909,C2004152,C2004153,섬강수계 기존제방(반계지구) 보강공사,W,원주청,A1,한강,강원도 원주시,A1,한강,01,2004-09-22,2007-09-07,20070907,1,완료공사,102,하천,문막읍 반계리~문막읍 대둔리
648,2248301909,C2004151,C2004152,섬강수계 기존제방(후용지구) 보강공사,W,원주청,A1,한강,강원도 원주시,A1,한강,01,2004-07-22,2007-07-07,20070707,1,완료공사,102,하천,원주시문막읍후용리~원주시부론면노림리
649,4038301161,C2021033,C2021008,섬진강 곡성2제 재해복구사업,I,익산청,D1,섬진강,전라남도 곡성군,D1,섬진강,01,2021-05-27,2023-05-16,20220521,0,진행공사,102,하천,전라남도 곡성군 고달면 뇌죽리~전라남도 곡성군 고달면 고달리
650,4038301161,C2022030,C2022032,섬진강 곡성지구 외 2개소 하천환경정비사업,I,익산청,E1,영산강,전라남도 곡성군,D1,섬진강,01,2022-04-20,2026-04-18,20260418,0,진행공사,102,하천,~
651,4038301161,C2022028,C2022029,섬진강 구례지구 하천환경정비사업,I,익산청,E1,영산강,전라남도 구례군,D1,섬진강,01,2022-04-18,2026-04-16,20260416,0,진행공사,102,하천,"전라남도 구례군 구례읍 신촌강변길 18, -~전라남도 구례군 토지면 섬진강대로 4915, -"
652,4038301161,C2012051,C2012059,섬진강 내월 및 향가지구 자전거길 설치공사,I,익산청,D1,섬진강,전라북도 순창군,D1,섬진강,01,2012-07-23,2014-07-12,20140712,1,완료공사,102,하천,순창군 적성면 내월리~순창군 풍산면 대가리
653,4038301161,C2013512,C2013557,섬진강 덕치1공구 제방보강공사,I,익산청,D1,섬진강,전라북도 순창군,D1,섬진강,01,2013-11-07,2016-12-30,20161230,1,완료공사,102,하천,임실군덕치면 천담리~순창군동계면어치리
654,4038301161,C2013513,C2013558,섬진강 덕치2공구 제방보강공사,I,익산청,D1,섬진강,전라남도 곡성군,D1,섬진강,01,2013-11-07,2017-12-02,20171202,1,완료공사,102,하천,전남곡성군ㆍ읍동산리~전북남원시월탄리
655,4038301161,C2005015,C2005023,섬진강 도사제 외 1개지구 보강공사,I,익산청,D1,섬진강,전라남도 광양시,D1,섬진강,01,2005-03-02,2010-05-07,20100507,1,완료공사,102,하천,광양시다압면도사리1235-9~광양시다압면도사리81-5
656,4038301161,C2021039,C2021006,섬진강 두곡2지구 재해복구사업,I,익산청,D1,섬진강,전라남도 광양시,D1,섬진강,01,2021-09-15,2022-09-09,20220909,0,진행공사,102,하천,전라남도 광양시 다압면 도사리 971-1~경상남도 하동군 하동읍 두곡리 647
657,4038301161,C2022029,C2022031,섬진강 등 3개 국가하천 실시간 모니터링 체계 구축사업,I,익산청,E1,영산강,,D1,섬진강,01,2022-02-28,2023-02-27,20230227,0,진행공사,102,하천,~
658,4038301161,C2006034,C2006037,섬진강 물우지구 개수공사,I,익산청,D1,섬진강,전라북도 임실군,D1,섬진강,미등록,2006-09-08,2009-08-22,20090822,1,완료공사,102,하천,~
659,4038301161,C2021038,C2021007,섬진강 섬진제 재해복구사업,I,익산청,D1,섬진강,,D1,섬진강,01,2021-09-13,2023-09-02,20220209,0,진행공사,102,하천,~
660,4038301161,C2003084,C2003084,섬진강 수계치수사업 신양제상류 개수공사,I,익산청,D1,섬진강,전라북도 남원시,D1,섬진강,03,2003-07-03,2007-07-02,20070702,1,완료공사,102,하천,~
661,4038301161,C2004111,C2004111,섬진강 수계치수사업 하리제(하류) 개수공사,I,익산청,D1,섬진강,전라북도 순창군,D1,섬진강,03,2004-12-07,2008-05-30,20080530,1,완료공사,102,하천,복흥면 상송리~복흥면 석보리
662,4038301161,C2006031,C2006032,섬진강 수중보 어도설치공사,I,익산청,D1,섬진강,전라남도 구례군,D1,섬진강,미등록,2006-08-29,2008-08-09,20080809,1,완료공사,102,하천,~
663,4038301161,C2019021,C2019023,섬진강 순창지구 외 1개소 하천환경정비사업,I,익산청,D1,섬진강,전라남도 곡성군,D1,섬진강,01,2019-12-09,2022-11-22,20221122,0,진행공사,102,하천,전라북도 순창군 동계면 어치리 704-1~전라남도 광양시 다압면 고사리 1416-2
664,4038301161,C2004124,C2004125,섬진강 오사제 보강공사,I,익산청,D1,섬진강,전라남도 광양시,D1,섬진강,03,2004-12-15,2007-11-30,20071130,1,완료공사,102,하천,광양시 진월면 오사리~광양시 진월면 오사리
665,4038301161,C2005035,C2005043,섬진강 외이제 보강공사,I,익산청,Z1,기타,전라북도 순창군,D1,섬진강,01,2004-12-28,2007-12-30,20071230,1,완료공사,102,하천,~
666,4038301161,C2022032,C2022030,섬진강 하동지구 하천환경정비사업,I,익산청,E1,영산강,,D1,섬진강,01,,,,0,진행공사,102,하천,~
667,6048300784,C2011006,C2011003,섬진강살리기 2공구(하동지구)사업,B,부산청,D1,섬진강,경상남도 하동군,D1,섬진강,01,2009-11-19,2012-12-30,20121230,1,완료공사,102,하천,고전면~화개면
668,4038301161,C2012066,C2012074,섬진강살리기사업 국도13호선 신덕지구외 3개소 자전거길 설치공사,I,익산청,D1,섬진강,전라북도 남원시,D1,섬진강,01,2012-11-26,2013-12-26,20131120,1,완료공사,102,하천,"전북 순창군 유등면~전남 구례군,곡성군"
669,4038301161,C2005016,C2005024,섬진강수계 진월제보강공사,I,익산청,D1,섬진강,전라남도 광양시,D1,섬진강,01,2005-04-25,2010-06-02,20100602,1,완료공사,102,하천,~
670,4038301161,C2003090,C2003090,섬진강수계 치수사업 간문천 간문제 개수공사,I,익산청,D1,섬진강,전라남도 구례군,D1,섬진강,03,2003-08-18,2009-12-10,20091210,1,완료공사,102,하천,효곡리~간문리
671,4038301161,C2004112,C2004112,섬진강수계 치수사업 겸백제하류(1공구) 개수공사,I,익산청,D1,섬진강,전라남도 보성군,D1,섬진강,03,2008-01-03,2008-12-31,20081231,1,완료공사,102,하천,~
672,4038301161,C2002057,C2002057,섬진강수계 치수사업 동복천 동복제 개수공사,I,익산청,D1,섬진강,,D1,섬진강,03,2002-09-27,2004-12-31,20041231,1,완료공사,102,하천,~
673,4038301161,C2002055,C2002055,섬진강수계 치수사업 목사동천 목사동제 개수공사,I,익산청,D1,섬진강,,D1,섬진강,03,2002-08-09,2005-10-30,20051030,1,완료공사,102,하천,~
674,4038301161,C2004135,C2004118,섬진강수계 치수사업 상월제(상류) 개수공사,I,익산청,D1,섬진강,전라북도 임실군,D1,섬진강,03,2004-11-02,2008-11-14,20081114,1,완료공사,102,하천,~
675,4038301161,C2004175,C2004161,섬진강수계 치수사업 수지제개수공사,I,익산청,Z1,기타,전라북도 남원시,D1,섬진강,01,2005-01-01,2009-11-28,20091128,1,완료공사,102,하천,남원시 주생면 지당리~남원시 주생면 제천리
676,4038301161,C2004113,C2004113,섬진강수계치수사업 겸백제하류2공구 개수공사,I,익산청,D1,섬진강,전라남도 보성군,D1,섬진강,03,2004-11-29,2009-12-01,20091201,1,완료공사,102,하천,~
677,4038301161,C2005006,C2005021,섬진강수계치수사업 구신1제개수공사,I,익산청,D1,섬진강,전라북도 진안군,D1,섬진강,03,2005-05-10,2011-11-21,20111121,1,완료공사,102,하천,구신지구~덕천1지구
678,4038301161,C2005007,C2005022,섬진강수계치수사업 구신2제개수공사,I,익산청,D1,섬진강,전라북도 임실군,D1,섬진강,03,2005-04-26,2010-12-31,20101231,1,완료공사,102,하천,~
679,4038301161,C2005014,C2005025,섬진강수계치수사업 구암제개수공사,I,익산청,D1,섬진강,전라남도 보성군,D1,섬진강,03,2005-05-19,2009-11-01,20091101,1,완료공사,102,하천,전남 보성군 웅치면 강산리~전남 보성군 웅치면 대야리
680,4038301161,C2003096,C2003096,섬진강수계치수사업 백록천 백록제 개수공사,I,익산청,D1,섬진강,전라남도 순천시,D1,섬진강,03,2003-08-05,2011-01-06,20110106,1,완료공사,102,하천,~
681,4038301161,C2004119,C2004119,섬진강수계치수사업 상월제(하류)개수공사,I,익산청,D1,섬진강,전라북도 임실군,D1,섬진강,03,2004-12-07,2010-12-31,20101231,1,완료공사,102,하천,임실군 관촌면 신전리~임실군 관촌면 방현리
682,4038301161,C2005005,C2005020,섬진강수계치수사업 세동제개수공사,I,익산청,D1,섬진강,전라북도 진안군,D1,섬진강,03,2005-05-10,2011-12-30,20111230,1,완료공사,102,하천,전북 진안군 부귀면~전북 진안군 마령면
683,4038301161,C2005017,C2005018,섬진강수계치수사업 수지제개수공사,I,익산청,Z1,기타,전라북도 남원시,D1,섬진강,01,2005-05-10,2012-11-27,20121127,1,완료공사,102,하천,전북 남원시 수지면 호곡리~전북 남원시 수지면 남창리
684,4038301161,C2004178,C2004187,섬진강수계치수사업 원천제 개수공사,I,익산청,D1,섬진강,전라북도 남원시,D1,섬진강,03,2004-11-18,2009-12-09,20091209,1,완료공사,102,하천,은송리~신촌동
685,4038301161,C2004176,C2004185,섬진강수계치수사업 호암천 호암제(상류) 개수공사,I,익산청,D1,섬진강,전라북도 임실군,D1,섬진강,03,2004-11-18,2009-10-29,20091029,1,완료공사,102,하천,임실군삼계면오지리~임실군삼계면덕계리
686,4038301161,C2004177,C2004186,섬진강수계치수사업 호암천 호암제(하류) 개수공사,I,익산청,D1,섬진강,전라북도 임실군,D1,섬진강,03,2004-11-02,2006-11-02,20061102,1,완료공사,102,하천,~
687,4038301161,C2004121,C2004122,섬진강수계치수사업하리제(상류)개수공사,I,익산청,J1,동진강,전라북도 순창군,D1,섬진강,03,2004-12-10,2010-12-14,20101215,1,완료공사,102,하천,복흥면 반월리~복흥면구은리
688,4038301161,C2005018,C2005019,섬진강유촌제보강공사,I,익산청,Z1,기타,전라북도 순창군,D1,섬진강,01,2005-04-26,2009-07-31,20090731,1,완료공사,102,하천,순창군 유등면 무수리~순창군 유등면 유촌리
689,1108300348,C2005037,C2005007,성남-장호원 5공구,S,서울청,003,국도 3호선(남해 ~ 초산 (철원)),경기도 이천시,A,일반국도,00,,,,1,완료공사,101,도로,이천시 백사면 모전리~이천시 부발읍 응암리
690,1108300348,C2004030,C2004030,성남-장호원 도로건설공사 (제1공구),S,서울청,003,국도 3호선(남해 ~ 초산 (철원)),경기도 광주시,A,일반국도,00,2004-04-10,2017-12-31,20171231,1,완료공사,101,도로,경기도 성남시 중원구 여수동~경기도 광주시 태전동
691,1108300348,C2021035,C2021033,성남-장호원 도로건설공사(6-1공구),S,서울청,003,국도 3호선(남해 ~ 초산 (철원)),경기도 이천시,A,일반국도,00,2021-07-08,2027-06-06,20270606,0,진행공사,101,도로,경기도 이천시 부발읍 응암리 582-27~경기도 여주시 가남읍 은봉리 736
692,1108300348,C2002061,C2002061,성남-장호원 도로건설공사(제2공구),S,서울청,003,국도 3호선(남해 ~ 초산 (철원)),경기도 광주시,A,일반국도,00,2002-03-08,2013-12-31,20131231,1,완료공사,101,도로,경기도 광주시 태전동~광주시 초월면 용수리
693,1108300348,C2004038,C2004038,성남-장호원 도로건설공사(제3공구),S,서울청,003,국도 3호선(남해 ~ 초산 (철원)),경기도 광주시,A,일반국도,00,2004-11-08,2017-12-31,20171231,1,완료공사,101,도로,경기도 광주시 초월읍 용수리~경기도 광주시 곤지암읍 부항리
694,4038301161,C1998010,C1998010,성덕-대야 도로확장 및 포장공사,I,익산청,029,국도 29호선(보성 ~ 서산),전라북도 김제시,B,지역간선,08,1998-08-13,2007-04-30,20070430,1,완료공사,101,도로,전북 김제시 서암동~전북 군산시 대야면 지경리
695,4038301161,C2010013,C2010016,성송-고창 도로확장공사,I,익산청,023,국도 23호선(강진 ~ 천안),전라북도 고창군,A,일반국도,01,2010-03-22,2016-12-31,20161231,1,완료공사,101,도로,성송면 학천리~고창읍 덕산리
696,6048300784,C1998004,C1998004,성주-왜관 도로4차선 확장 및 포장공사,B,부산청,033,국도 33호선(고성 ~ 구미),경상북도 성주군,A,일반국도,01,1998-02-23,2007-12-31,20071231,1,완료공사,101,도로,경상북도 성주군 성주읍 삼산리~경상북도 칠곡군 기산면 행정리
697,6048300784,C2015024,C2015051,성주대교(구) 개축공사,B,부산청,030,국도 30호선(부안 ~ 대구),대구광역시 달성군,A,일반국도,00,2015-07-17,2021-04-19,20190625,1,완료공사,101,도로,경상북도 성주군 선남면 선원리~대구광역시 달성군 하빈면 하산리
698,3068301763,C2003040,C2003040,성환-입장 도로건설공사,D,대전청,034,국도 34호선(당진 ~ 영덕),충청남도 천안시,C,산업지원국도,00,2003-09-24,2012-12-29,20121229,1,완료공사,101,도로,천안시 직산면 판정리~천안시 입장면 도림리
699,3068301763,C2002030,C2002030,성환우회도로 건설공사,D,대전청,034,국도 34호선(당진 ~ 영덕),충청남도 천안시,C,산업지원국도,00,2002-10-18,2011-06-22,20110622,1,완료공사,101,도로,충남 천안시 성환읍 송덕리~충남 천안시 직산읍 판정리
700,3068301763,C2000022,C2000023,소수우회도로축조 및 포장공사,D,대전청,037,국도 37호선(거창 ~ 파주),충청북도 괴산군,A,일반국도,00,2000-12-30,2005-05-07,20050507,1,완료공사,101,도로,충북 괴산군 소수면~충북 괴산군 소수면
