순번,발주청사업자등록번호,현장번호,공사번호,공사명,기관코드,기관코드명,노선(하천)코드,노선(하천)명,행정구역명,사업종류코드,사업종류명,사업종류차수,착공일자,준공일자,준공예정일자,"준공여부(0:진행,1:준공)","준공여부명(0:진행,1:준공)",사업분야코드,사업분야명,공사구간
501,1108300348,C2004028,C2004028,무등리외 2개소 배수펌프장 설치공사,S,서울청,R1,임진강,경기도 연천군,R1,임진강,01,2004-05-03,2007-12-31,20071231,1,완료공사,102,하천,~
502,2248301909,C2000018,C2000018,무릉-사북간 도로확장 및 포장공사,W,원주청,038,국도 38호선(서산 ~ 동해),강원도 정선군,C,산업지원국도,00,2000-12-30,2009-10-30,20091030,1,완료공사,101,도로,강원도 정선군 남면 무릉리~강원도 정선군 사북읍 사북리
503,4038301161,C2021028,C2021025,무주 무주-설천 도로확장공사,I,익산청,030,국도 30호선(부안 ~ 대구),전라북도 무주군,A,일반국도,01,2021-05-24,2028-04-16,20210821,0,진행공사,101,도로,전라북도 무주군 무주읍 오산리~전라북도 무주군 설천면 소천리
504,4038301161,C2004101,C2004101,무주 안성우회도로 건설공사,I,익산청,019,국도 19호선(남해 ~ 원주),전라북도 무주군,A,일반국도,00,2004-12-07,2010-12-22,20101231,1,완료공사,101,도로,전북 무주군 안성면 죽천리~전북 무주군 적상면 사산리
505,4038301161,C1997015,C1997015,무주-학산간 도로확장 및 포장공사,I,익산청,019,국도 19호선(남해 ~ 원주),전라북도 무주군,B,지역간선,08,1997-03-12,2005-12-16,20051216,1,완료공사,101,도로,전북 무주군 무주읍 가옥리~전북 무주군 무주읍 오산리
506,3068301763,C2013934,C2013927,무한천 신창지구 하천환경정비사업,D,대전청,G1,삽교천,충청남도 예산군,G1,삽교천,01,2013-02-25,2018-01-29,20180129,1,완료공사,102,하천,충청남도 예산군 대흥면 손지리~충청남도 신암면 삽교천 합류점
507,6048300784,C2003129,C2003129,문경시 관내국도 대체우회도로(함창-불정)건설공사,B,부산청,003,국도 3호선(남해 ~ 초산 (철원)),경상북도 문경시,D,국도대체우회도로,00,1999-04-29,2007-08-31,20070831,1,완료공사,101,도로,경북 상주시 함창읍 윤직리~경북 문경시 불정동
508,2248301909,C2000015,C2000015,문곡-무릉간 도로확장 및 포장공사(국도38호선),W,원주청,038,국도 38호선(서산 ~ 동해),강원도 정선군,C,산업지원국도,00,2000-12-29,2010-01-29,20100129,1,완료공사,101,도로,강원도 정선군 남면 문곡리~강원도 정선군 남면 무릉리
509,4038301161,C1997017,C1997017,문내-황산간 도로확장 및 포장공사,I,익산청,018,국도 18호선(진도 ~ 구례),전라남도 해남군,B,지역간선,10,1997-12-31,2007-12-31,20071231,1,완료공사,101,도로,전남 해남군 문내면 학동리~전남 해남군 황산면 송호리
510,1108300348,C2014025,C2014032,문산천 문산지구 하천종합정비사업,S,서울청,A1,한강,경기도 파주시,A1,한강,01,2014-03-31,2019-03-04,20190304,1,완료공사,102,하천,파주시 문산읍 내포리 50-2(동문천합류점)~파주시 문산읍 내포리 500-3(임진강 합류점)
511,1108300348,C2013936,C2013938,문산천 월롱지구 하천환경정비사업,S,서울청,Z1,기타,경기도 파주시,A,일반국도,01,2013-01-31,2018-01-29,20180129,1,완료공사,102,하천,"경기도 파주시 파주읍 부곡리(국가하천 시점)~경기도 파주시 문산읍 내포리(하천기본계획 측점 No.1+800, 동문천 합류전)"
512,2248301909,C2000019,C2000019,문혜-지경간 도로확장 및 포장공사,W,원주청,043,국도 43호선(연기 ~ 고성),강원도 철원군,A,일반국도,01,2000-12-30,2006-12-24,20061224,1,완료공사,101,도로,강원 철원군 갈말읍 문혜리~강원 철원군 갈말읍 지경리
513,4038301161,C2010034,C2010116,문흥-보촌 도로확장공사,I,익산청,029,국도 29호선(보성 ~ 서산),광주광역시 북구,A,일반국도,01,2010-08-26,2014-12-15,20141215,1,완료공사,101,도로,광주광역시 북구 장등동~전남 담양군 고서면 보촌리
514,2248301909,C1999021,C1999021,미로-삼척간 도로확장 및 포장공사,W,원주청,038,국도 38호선(서산 ~ 동해),강원도 삼척시,B,지역간선,10,1999-04-12,2007-12-31,20071231,1,완료공사,101,도로,강원도 삼척시 미로면 상정리~강원도 삼척시 등봉동
515,3068301763,C2017023,C2017016,미호천 강외지구 등 3개소 하천정비사업,D,대전청,Z1,기타,충청북도 청주시 흥덕구,Z1,기타,미등록,2017-03-06,2021-08-11,20210811,1,완료공사,102,하천,충청북도  청주시 흥덕구 오송읍 궁평리~전라북도 장수군 천천면 연평리
516,3068301763,C2007050,C2007051,미호천 서면지구 보강공사,D,대전청,Z1,기타,충청남도 연기군,Z1,기타,미등록,2007-09-03,2011-01-14,20110114,1,완료공사,102,하천,충남 연기군 서면 월하리~충남 연기군 서면 봉암리
517,6048300784,C2011002,C2010140,밀양2지구 생태하천 조성사업,B,부산청,B1,낙동강,경상남도 밀양시,Z1,기타,01,2010-07-30,2013-07-13,20130713,1,완료공사,102,하천,용평지구~예림지구
518,6048300784,C2022023,C2022019,밀양강 교동지구 하천환경정비사업,B,부산청,Z1,기타,,Z1,기타,미등록,,,,0,진행공사,102,하천,~
519,6048300784,C2004095,C2004095,밀양강 금산제 하천개수공사,B,부산청,Z1,기타,경상남도 밀양시,B1,낙동강,01,2004-06-28,2009-12-09,20091209,1,완료공사,102,하천,~
520,6048300784,C2012063,C2012070,밀양강 남기지구 하천환경정비사업,B,부산청,Z1,기타,경상남도 밀양시,Z1,기타,미등록,2012-11-13,2017-06-16,20170616,1,완료공사,102,하천,경상남도 밀양시 산외면~상동면 일원
521,6048300784,C2004167,C2004178,밀양강 상남지구 하천개수공사,B,부산청,Z1,기타,강원도 강릉시,B1,낙동강,01,2004-12-23,2009-12-04,20091204,1,완료공사,102,하천,~
522,6048300784,C2018017,C2018007,밀양강 상남지구 하천환경정비사업,B,부산청,B1,낙동강,경상남도 밀양시,B1,낙동강,01,2018-03-08,2022-05-12,20220214,0,진행공사,102,하천,경상남도 밀양시 삼랑진읍 삼랑리 ~ 용성리 일원~삼랑진읍 용성리 일원
523,6048300784,C2019006,C2019010,밀양강 안인지구 하천환경정비사업,B,부산청,B1,낙동강,경상남도 밀양시,B1,낙동강,01,2019-03-11,2023-02-17,20230217,0,진행공사,102,하천,경남 밀양시 상동면 가곡리~경남 밀양시 상동면 금산리
524,6048300784,C2018008,C2018008,밀양강 예림지구 하천환경정비사업,B,부산청,B1,낙동강,경상남도 밀양시,B1,낙동강,01,2018-03-08,2022-02-14,20220214,1,완료공사,102,하천,경상남도 밀양시 부북면 전사포리 838-1~경상남도 밀양시 삼랑진읍 용성리 1138
525,6048300784,C2012064,C2012071,밀양강 용평1지구 하천환경정비사업,B,부산청,Z1,기타,경상남도 밀양시,Z1,기타,미등록,2012-11-13,2017-10-07,20171007,1,완료공사,102,하천,경남 밀양시 활성동 일원~경남 밀양시 내일동-상남면 평촌리 일원
526,6048300784,C2004168,C2004179,밀양강 용평지구 하천개수공사,B,부산청,Z1,기타,경상남도 밀양시,B1,낙동강,01,2004-12-23,2012-10-18,20121018,1,완료공사,102,하천,경남 밀양~경남 밀양
527,6048300784,C2004094,C2004094,밀양강 중도지구 하천개수공사,B,부산청,Z1,기타,경상남도 밀양시,B1,낙동강,01,2004-12-22,2013-02-28,20130404,1,완료공사,102,하천,밀양시 상동면 옥산리~밀양시 교동
528,6048300784,C2022026,C2022020,밀양강 중도지구 하천환경정비사업,B,부산청,Z1,기타,경상남도 밀양시,Z1,기타,미등록,2022-02-25,2025-02-08,20250208,0,진행공사,102,하천,경상남도 밀양시 상동면 옥산길 5-9~경상남도 밀양시 산외면 밀양대로 2362
529,6048300784,C2022019,C2022021,밀양강 차현지구 하천환경정비사업,B,부산청,Z1,기타,,Z1,기타,미등록,2022-03-07,2025-02-18,20250218,0,진행공사,102,하천,~
530,6048300784,C2021007,C2020042,밀양나노 국가산단 진입도로 건설공사,B,부산청,999,기타,경상남도 밀양시,F,기타,미등록,2020-12-23,2024-12-01,20241201,0,진행공사,101,도로,경남 밀양시 무안면 마흘리~부북면 제대리
531,6048300784,C2009062,C2009061,밀양역-삼랑 국도건설공사,B,부산청,058,국도 58호선,경상남도 밀양시,A,일반국도,미등록,2009-04-17,2018-09-15,20180915,1,완료공사,101,도로,경남 밀양시 삼랑진읍 청학리~경남 밀양시 가곡동
532,6048300784,C2012009,C2012009,반변천 용상지구 하천환경정비사업,B,부산청,Z1,기타,경상북도 안동시,Z1,기타,01,2012-02-10,2014-08-21,20160119,1,완료공사,102,하천,경북 안동시 용상동~안동시 송천동
533,6048300784,C2012011,C2012008,반변천 임하지구 하천환경정비사업,B,부산청,Z1,기타,경상북도 안동시,Z1,기타,01,2012-02-10,2015-12-15,20151215,1,완료공사,102,하천,경북 안동시 임하면~송천동일원
534,6048300784,C2017036,C2017038,반변천 천전지구 하천환경정비사업,B,부산청,Z1,기타,경상북도 안동시,Z1,기타,미등록,2017-06-08,2019-06-20,20190528,1,완료공사,102,하천,경북 안동시 임하면 임하리~경북 안동시 임하면 천전리
535,3068301763,C1997022,C1997022,반포-봉암간 도로확장 및 포장공사,D,대전청,001,국도 1호선(목포 ~ 신의주(판문점)),경상남도 창원시,B,지역간선,07,1997-11-11,2004-12-31,20041231,1,완료공사,101,도로,충남 공주시 반포면~경상남도 창원시 마산회원구 봉암동
536,3068301763,C2002026,C2002026,백제큰길 연결도로 건설공사,D,대전청,,,충청남도 공주시,A,일반국도,미등록,2002-09-25,2006-09-24,20060924,1,완료공사,101,도로,충남 부여군 부여읍 쌍북리~충남 부여군 부여읍 저석리
537,4038301161,C2007073,C2007082,번암-장수 도로확장공사,I,익산청,019,국도 19호선(남해 ~ 원주),전라북도 장수군,A,일반국도,01,2007-12-17,2012-07-14,20120714,1,완료공사,101,도로,번암면 국포리~장수읍 개정리
538,4038301161,C2004105,C2004105,벌교-주암(1공구)도로건설공사,I,익산청,027,국도 27호선(고흥 ~ 군산),전라남도 순천시,A,일반국도,00,2004-11-01,2015-12-30,20151230,1,완료공사,101,도로,전남 보성군 벌교읍 전동리~전남 순천시 외서면 금성리
539,6048300784,C2004171,C2004182,법전-소천(법전측-소천우회)국도건설공사,B,부산청,036,국도 36호선(대천 ~ 울진),경상북도 봉화군,A,일반국도,00,2004-11-08,2011-12-30,20111230,1,완료공사,101,도로,경북 봉화군 법전면 소지리~소천면 현동리
540,6048300784,C2003003,C2003003,병곡-평해 국도확장공사,B,부산청,007,국도 7호선(부산 ~ 온성 (간성)),경상북도 영덕군,A,일반국도,01,2003-09-19,2009-12-31,20091231,1,완료공사,101,도로,경북 영덕군 병곡면 영리~경북 울진군 평해읍 학곡리
541,3068301763,C2003044,C2003044,병천-용두리 도로건설공사,D,대전청,021,국도 21호선(전주 ~ 이천),충청남도 천안시,A,일반국도,00,2003-05-20,2008-04-22,20080422,1,완료공사,101,도로,충청남도 천안시 성남면 화성리~충청남도 천안시 병천면 탑원리
542,3068301763,C2004067,C2004067,보강천 석성제 하천환경정비사업,D,대전청,Z1,기타,충청북도 청원군,Z1,기타,03,2004-09-20,2008-09-19,20080919,1,완료공사,102,하천,충북 청원군 북이면 추학리~충북 청원군 북이면 석성리
543,3068301763,C2016019,C2016018,보령-부여 도로건설공사,D,대전청,040,국도 40호선(대천 ~ 공주),충청남도 보령시,A,일반국도,01,2016-07-08,2023-06-01,20230601,0,진행공사,101,도로,보령시 미산면 도화담리~부여군 구룡면 주정리
544,3068301763,C2014029,C2014034,보령-청양(제1공구) 도로건설공사,D,대전청,036,국도 36호선(대천 ~ 울진),충청남도 보령시,A,일반국도,01,2014-04-28,2021-03-21,20210321,1,완료공사,101,도로,충청남도 보령시 화산동 512-2~충청남도 청양군 화성면 장계리 388-9
545,3068301763,C2014028,C2014033,보령-청양(제2공구) 도로건설공사,D,대전청,036,국도 36호선(대천 ~ 울진),충청남도 청양군,A,일반국도,01,2014-04-28,2020-06-28,20210321,1,완료공사,101,도로,충남 청양군 화성면 구재리~충남 청양군 청양읍 장승리
546,3068301763,C2011004,C2010136,보령-태안(제1공구) 도로건설공사,D,대전청,077,국도 77호선(부산 ~ 인천),충청남도 보령시,A,일반국도,01,2010-12-21,2022-02-12,20210303,1,완료공사,101,도로,충남 보령시 신흑동~충남 보령시 오천면 원산도리
547,3068301763,C2011005,C2010137,보령-태안(제2공구) 도로건설공사,D,대전청,077,국도 77호선(부산 ~ 인천),충청남도 태안군,A,일반국도,01,2010-12-15,2019-12-31,20191231,1,완료공사,101,도로,충남 보령시 오천면 원산도리~태안군 고남면 고남리
548,3068301763,C2018015,C2018017,보령성주우회 도로건설공사,D,대전청,040,국도 40호선(대천 ~ 공주),충청남도 보령시,A,일반국도,01,2018-03-19,2023-02-20,20230220,0,진행공사,101,도로,충청남도 보령시 남포면 읍내리 142~충청남도 보령시 미산면 도화담리 229-6
549,3068301763,C2002025,C2002025,보령시 국도대체 우회도로(화산-옥동) 건설공사,D,대전청,021,국도 21호선(전주 ~ 이천),충청남도 보령시,D,국도대체우회도로,00,2002-02-08,2009-12-08,20091208,1,완료공사,101,도로,충청남도 보령시 남포면 옥동리~충청남도 보령시 화산동
550,3068301763,C1999032,C1999032,보령시국도대체우회도로(화산-관창)축조및포장공사,D,대전청,021,국도 21호선(전주 ~ 이천),충청남도 보령시,D,국도대체우회도로,00,1999-06-09,2005-12-03,20051203,1,완료공사,101,도로,충남 보령 화산동~충남 보령시 주교면 관창리
551,4038301161,C2003065,C2003065,보성-이양 도로건설공사,I,익산청,029,국도 29호선(보성 ~ 서산),전라남도 보성군,B,지역간선,08,2002-12-30,2009-07-28,20090728,1,완료공사,101,도로,전남 보성군 미력면 덕림리~전남 화순군 이양면 매정리
552,4038301161,C2013002,C2013001,보성강 압록지구 하천환경정비사업,I,익산청,D1,섬진강,전라남도 곡성군,D1,섬진강,01,2012-12-26,2017-12-27,20171129,1,완료공사,102,하천,죽곡면 하한리~목사동면 평리
553,4038301161,C2013001,C2013002,보성강 주암지구 하천환경정비사업,I,익산청,D1,섬진강,전라남도 곡성군,D1,섬진강,01,2012-12-26,2017-12-18,20171227,1,완료공사,102,하천,곡성군목사동면평리~순천시주암면구산리
554,3068301763,C2010014,C2010017,보은-내북 도로확장(기계설비)공사,D,대전청,019,국도 19호선(남해 ~ 원주),충청북도 보은군,A,일반국도,01,2010-03-30,2010-12-24,20101224,1,완료공사,101,도로,보은~내북
555,3068301763,C2010017,C2010019,보은-내북 도로확장(전기)공사,D,대전청,019,국도 19호선(남해 ~ 원주),충청북도 보은군,A,일반국도,01,2010-03-31,2010-12-25,20101225,1,완료공사,101,도로,보은~내북
556,3068301763,C2010016,C2010018,보은-내북 도로확장(정보통신)공사,D,대전청,019,국도 19호선(남해 ~ 원주),충청북도 보은군,A,일반국도,01,2010-03-31,2010-12-25,20101225,1,완료공사,101,도로,봉계터널(보은)~봉계터널(내북)
557,3068301763,C1997011,C1997011,보은-내북간 도로확장 및 포장공사,D,대전청,019,국도 19호선(남해 ~ 원주),충청북도 보은군,C,산업지원국도,00,1996-12-31,2010-12-31,20101231,1,완료공사,101,도로,충청북도 보은군 보은읍 금굴리~충청북도 보은군 산외면 이식리
558,1108300348,C2012034,C2012037,복하천(갈산지구)하천환경정비사업,S,서울청,Z1,기타,경기도 이천시,Z1,기타,01,2012-03-05,2016-12-20,20170206,1,완료공사,102,하천,이천시 호법면 유산리~이천시 백사면 도지리
559,1108300348,C2012041,C2012038,복하천(효지지구)하천환경정비사업,S,서울청,Z1,기타,경기도 이천시,Z1,기타,01,2012-07-12,2018-02-20,20180220,1,완료공사,102,하천,이천시 백사면 도지리~여주군 흥천면 상백리
560,6048300784,C1997004,C1997004,봉화-법전간(법전우회도로) 4차선 확장 및 포장공사,B,부산청,036,국도 36호선(대천 ~ 울진),경상북도 봉화군,A,일반국도,01,1997-02-12,2008-12-31,20081231,1,완료공사,101,도로,경북 봉화군 봉화읍 거촌리~경북 봉화군 법전면 소지리
561,6048300784,C2009060,C2009074,부산시계-웅상1 국도건설공사,B,부산청,007,국도 7호선(부산 ~ 온성 (간성)),경상남도 양산시,A,일반국도,00,2009-04-03,2019-01-18,20190118,1,완료공사,101,도로,양산시 동면 여락리~기장군 두명리
562,6048300784,C2009059,C2009060,부산시계-웅상2 국도건설공사,B,부산청,007,국도 7호선(부산 ~ 온성 (간성)),경상남도 양산시,A,일반국도,00,2009-04-20,2019-04-30,20181231,1,완료공사,101,도로,부산광역시 기장군 정관면 두명리~경남 양산시 용당동
563,4038301161,C2004136,C2004136,부안 백산 우회도로 건설공사,I,익산청,029,국도 29호선(보성 ~ 서산),전라북도 부안군,A,일반국도,00,2004-12-16,2009-12-28,20091228,1,완료공사,101,도로,부안군 오곡리~부안군 용계리
564,4038301161,C2002047,C2002047,부안-변산 우회도로 건설공사,I,익산청,030,국도 30호선(부안 ~ 대구),전라북도 부안군,A,일반국도,00,2002-11-22,2009-08-30,20090830,1,완료공사,101,도로,전북 부안군 변산면 마포리~전북 부안군 변산면 지서리
565,3068301763,C2002028,C2002028,부여 은산우회도로 건설공사,D,대전청,029,국도 29호선(보성 ~ 서산),충청남도 부여군,A,일반국도,00,2002-09-25,2010-11-03,20101103,1,완료공사,101,도로,은산면 가중리~은산면 홍산리
566,3068301763,C1996002,C1996002,부여-논산간 도로확장 및 포장공사,D,대전청,004,국도 4호선(군산 ~ 경주),충청남도 부여군,C,산업지원국도,00,1996-10-07,2010-01-04,20091231,1,완료공사,101,도로,충남 부여군 부여읍 동남리~충남 논산시 광석면 갈산리
567,3068301763,C2000006,C2000006,부여-탄천간 도로확장 및 포장공사,D,대전청,040,국도 40호선(대천 ~ 공주),충청남도 부여군,A,일반국도,01,2000-12-30,2009-12-31,20091231,1,완료공사,101,도로,충남 부여군 부여읍 가탑리~공주시 탄천면 삼각리
568,3068301763,C2003131,C2003131,부여규암우회도로,D,대전청,029,국도 29호선(보성 ~ 서산),충청남도 부여군,A,일반국도,미등록,2003-09-04,2013-12-31,20131231,1,완료공사,101,도로,충남 부여군~충남 부여군 규암리
569,4038301161,C2011009,C2011004,부전-쌍치 도로건설공사,I,익산청,021,국도 21호선(전주 ~ 이천),전라북도 정읍시,A,일반국도,01,2011-01-26,2018-12-31,20181231,1,완료공사,101,도로,전북 순창군 쌍치면 가운리~전북 정읍시 부전동
570,2248301909,C2012003,C2011035,부평지구 하천환경정비사업,W,원주청,A1,한강,강원도 인제군,A1,한강,미등록,2011-12-27,2016-10-25,20161025,1,완료공사,102,하천,강원도 인제군 남면 부평리 우각천~강원도 인제군 남면 부평리 어론천
571,2248301909,C2003115,C2003115,북면-용대(1공구)도로건설공사,W,원주청,046,국도 46호선(인천 ~ 고성),강원도 인제군,C,산업지원국도,00,2003-10-28,2010-02-02,20100202,1,완료공사,101,도로,북면 한계리~북면 원통리
572,2248301909,C2004057,C2004057,북면-용대(2공구) 도로건설공사,W,원주청,046,국도 46호선(인천 ~ 고성),강원도 인제군,C,산업지원국도,00,2004-06-24,2010-11-10,20101110,1,완료공사,101,도로,북면 원통리~북면 용대리
573,2248301909,C2003113,C2003113,북면-원덕 도로건설공사,W,원주청,007,국도 7호선(부산 ~ 온성 (간성)),강원도 삼척시,C,산업지원국도,00,2003-06-13,2009-12-30,20091230,1,완료공사,101,도로,강원도 삼척시 원덕읍 원천리~삼척시 원덕읍 임원리
574,6048300784,C2019026,C2019035,북영천IC-선천리 국도건설공사,B,부산청,035,국도 35호선(부산 ~ 강릉),경상북도 영천시,A,일반국도,01,2019-11-01,2022-10-15,20221015,0,진행공사,101,도로,경북 영천시 화남면 사천리~경북 영천시 화남면 선천리
575,2248301909,C2009108,C2009121,북한강살리기 10공구(강촌지구)사업,W,원주청,A1,한강,강원도 춘천시,A1,한강,01,2009-11-17,2012-01-05,20120105,1,완료공사,102,하천,춘천시 남산면 서천리~춘천시 서면 덕두원리
576,2248301909,C2010020,C2010026,북한강살리기 11공구(하중도지구) 사업,W,원주청,A1,한강,강원도 춘천시,A1,한강,01,2010-04-08,2013-03-15,20130315,1,완료공사,102,하천,춘천시 서면 현암리~춘천시 서면 신매리
577,2248301909,C2010019,C2010023,북한강살리기 12공구(화천지구)사업,W,원주청,A1,한강,강원도 화천군,A1,한강,01,2010-03-24,2011-12-30,20111226,1,완료공사,102,하천,강원도 화천군 하남면 원천리~강원도 화천군 화천읍 대이리
578,2248301909,C2005003,C2005003,북한강수계 기존제방 보강공사,W,원주청,A1,한강,강원도 춘천시,A1,한강,01,2004-12-23,2009-11-01,20091101,1,완료공사,102,하천,춘천시 신북읍 용산리~춘천시 서면 신매리
579,6048300784,C1997003,C1997003,비안-봉양(비안우회)간 도로4차선 확장 및 포장공사,B,부산청,028,국도 28호선(영주 ~ 포항),경상북도 의성군,A,일반국도,00,1997-10-16,2005-12-20,20051220,1,완료공사,101,도로,경북 의성군 비안면 이두리~경북 의성군 봉양면 화전리
580,4038301161,C2014023,C2014016,빛그린 국가산단 진입도로 확장공사,I,익산청,999,기타,전라남도 나주시,F,기타,미등록,2014-02-10,2020-02-20,20181231,1,완료공사,101,도로,노안면 양천리~광산구 삼거동
581,1108300348,C2005056,C2005060,사미석장제 보강공사,S,서울청,R1,임진강,경기도 연천군,R1,임진강,03,2005-11-21,2010-11-20,20101120,1,완료공사,102,하천,경기 연천 백학면 두일리~경기 연천 장남면 원당리
582,2248301909,C1999020,C1999020,사북-고한간 도로확장 및 포장공사,W,원주청,038,국도 38호선(서산 ~ 동해),강원도 강릉시,B,지역간선,07,1997-04-15,2006-12-31,20061231,1,완료공사,101,도로,강원도 정선군 사북읍 사북리~강원도 정선군 고한읍 고한리
583,6048300784,C1998005,C1998005,사천우회도로 건설공사,B,부산청,033,국도 33호선(고성 ~ 구미),경상남도 사천시,A,일반국도,00,1998-03-05,2005-12-31,20041231,1,완료공사,101,도로,경남 사천시 정동면 풍정리~경남 사천시 축동면 배춘리
584,6048300784,C2006010,C2006011,산내-상북 국도건설공사,B,부산청,024,국도 24호선(신안 ~ 울산),경상남도 밀양시,A,일반국도,01,2006-02-22,2013-07-31,20130731,1,완료공사,101,도로,경남 밀양시 산내면 가인리~경남 밀양시 산내면 삼양리
585,6048300784,C2002005,C2002005,산외- 산내 국도 확장공사,B,부산청,024,국도 24호선(신안 ~ 울산),경상남도 밀양시,A,일반국도,01,2002-11-11,2010-06-02,20100602,1,완료공사,101,도로,경남 밀양시 산외면 금곡리~경남 밀양시 산내면 용전리
586,6048300784,T2000001,C2000022,산외-상북 제3공구(능동터널) 국도확장공사,B,부산청,024,국도 24호선(신안 ~ 울산),울산광역시 울주군,B,지역간선,09,2000-06-19,2007-12-31,20071231,1,완료공사,101,도로,경남 밀양시 산내면 삼양리~울산광역시 울주군 상북면 궁근정리
587,6048300784,C2002002,C2002002,산청-수동 국도확장공사(국도3호선),B,부산청,003,국도 3호선(남해 ~ 초산 (철원)),경상남도 산청군,B,지역간선,10,2002-12-30,2014-12-31,20141231,1,완료공사,101,도로,경남 산청군 오부면 양촌리~경남 함양군 수동면 화산리
588,6048300784,C2020018,C2020015,산청신안-생비량 국도건설공사,B,부산청,,,경상남도 산청군,A,일반국도,01,2020-06-30,2027-05-24,20210224,0,진행공사,101,도로,경상남도 산청군 단성면 강누리 470-5~경상남도 산청군 생비량면 도리 646-3
589,6048300784,C2022004,C2022009,산청우회 국도건설공사,B,부산청,059,국도 59호선(광양 ~ 하동),경상남도 산청군,A,일반국도,01,2022-02-07,2025-01-21,20220507,0,진행공사,101,도로,경남 산청군 금서면 매촌리~경남 산청군 산청읍 지리
590,6048300784,C2017034,C2017027,삼랑진-미전 국도건설공사,B,부산청,058,국도 58호선,경상남도 밀양시,A,일반국도,01,2017-04-17,2020-03-31,20200331,1,완료공사,101,도로,경남 밀양시 삼랑진읍 미전리 585-2~경남 밀양시 삼랑진읍 미전리 57-10
591,4038301161,C1999011,C1999011,삼산-해남 도로확장 및 포장공사,I,익산청,013,국도 13호선(완도 ~ 금산),전라남도 해남군,B,지역간선,08,1999-06-01,2006-12-31,20061231,1,완료공사,101,도로,전남 해남군 현산면 고현리~전남 해남군 해남읍 고도리
592,4038301161,C1995004,C1995004,삼서-장성간 도로확장및포장공사,I,익산청,001,국도 1호선(목포 ~ 신의주(판문점)),전라남도 장성군,J1,동진강,01,1995-09-29,2006-03-28,20060328,1,완료공사,101,도로,전라남도 장성군 삼서면~전라남도 장성군
593,6048300784,C2017047,C2017049,삼자현터널 국도건설공사,B,부산청,031,국도 31호선(부산 ~ 신고산),경상북도 청송군,A,일반국도,00,2017-07-05,2022-07-03,20220703,0,진행공사,101,도로,경북 청송군 현동면 도평리~경북 청송군 부남면 대전리
594,6048300784,C2016014,C2016013,삼장-산청 국도건설공사,B,부산청,059,국도 59호선(광양 ~ 하동),경상남도 산청군,A,일반국도,00,2016-04-11,2022-09-30,20230305,0,진행공사,101,도로,경남 산청군 삼장면 홍계리~경남 산청군 금서면 평촌리
595,1108300348,C2003101,C2003101,삼정제 개수공사,S,서울청,F1,안성천,경기도 평택시,F1,안성천,01,2003-12-19,2007-04-30,20070430,1,완료공사,102,하천,오성면창내리~안중읍삼정리
596,6048300784,C2002013,C2002013,삼천포 - 사천(2공구)국도 확장공사,B,부산청,003,국도 3호선(남해 ~ 초산 (철원)),경상남도 사천시,A,일반국도,01,2002-10-31,2010-12-30,20101230,1,완료공사,101,도로,경남 사천시 노룡동~경남 사천시 사천읍 사주리
597,6048300784,C2004072,C2004072,삼천포-사천 1 국도건설공사,B,부산청,003,국도 3호선(남해 ~ 초산 (철원)),경상남도 사천시,A,일반국도,01,2004-11-19,2010-12-30,20101230,1,완료공사,101,도로,경남 사천시 대방동~경남 사천시 노룡동
598,3068301763,C2004064,C2004064,삽교2지구 하천환경정비사업 전면책임감리용역,D,대전청,G1,삽교천,충청남도 예산군,G1,삽교천,03,2004-10-07,2011-02-19,20110108,1,완료공사,102,하천,충남예산군고덕면용리~충남예산군신암면별리
599,3068301763,C2004065,C2004065,삽교지구(인주.선장제) 하천환경 정비사업,D,대전청,G1,삽교천,충청남도 아산시,G1,삽교천,03,2004-10-08,2011-02-19,20110219,1,완료공사,102,하천,충남 예산 신암면~충남 아산 인주면
600,3068301763,C2014038,C2014039,삽교천 문방지구 하천환경정비사업,D,대전청,G1,삽교천,충청남도 아산시,G1,삽교천,01,2014-05-20,2017-12-31,20171231,1,완료공사,102,하천,충청남도 아산시 선장면 무한천 합류점~아산시 인주면 삽교호 방조제 외곽선
