출력변수,값,설명
,,출력 헤더 정보
resultCode,string,출력결과코드
resultMsg,string,출력결과 메세지
resultKorMsg,string,출력결과 한글 메세지
,,출력 바디 정보
pageNo,number,페이지번호
numOfRows,number,한페이지 결과수
totalCount,number,전체 응답 ROW 수
,,공사정보 목록
odofBrn,string,발주청사업자등록번호
sptNo,string,현장번호
cno,string,공사번호
cwkNm,string,공사명
orcd,string,기관코드(코드집 참고)
ornm,string,기관코드명
rutCd,string,노선(하천)코드
rutNm,string,노선(하천)명
pdznNm,string,행정구역명
bzKdCd,string,사업종류코드(코드집 참고)
bzKdNm,string,사업종류명
bzToCd,string,사업종류차수
stwrDt,string,착공일자
ccwDt,string,준공일자
ccwXpcDt,string,준공예정일자
ccwYn,string,"준공여부(0:진행,1:준공)"
ccwYnNm,string,"준공여부명(0:진행,1:준공)"
bzarCd,string,사업분야코드(코드집 참고)
bzarNm,string,사업분야명
cwkSctnNm,string,공사구간
