요청변수,값,조건,설명,기본값
serviceKey,string,        필수,발급받은인증키,
type,string,        선택,검색결과 포맷(xml 또는 json),xml
pageNo,number,        선택,페이지번호,1
numOfRows,number,        선택,한페이지 결과수,10
sortField,string,        선택,정렬하고자 하는 출력변수명,
sortOrder,string,        선택,정렬순서(ASC 또는 DESC),
searchCcwYn,string,        선택,"준공여부(0:진행,1:준공)",
searchOrcd,string,        선택,발주기관(코드집 참고 : 기관코드),
searchCwkNm,string,        선택,공사명,
